Weight,Gas_Concentration,Temperature,Humidity,Vibration,Reason,Label
549.6714153011233,63.99355436586002,21.62410862512809,40.921924421226095,0.8273012790070132,Normal,0
881.9541744475134,132.05131316225726,38.25514016173281,77.89025657737025,1.9844830999267478,Hazardous Material Leak,1
564.7688538100692,50.59630369920174,21.037900395000193,55.863944665783556,1.0036033744088892,Normal,0
652.3029856408025,43.53063222294426,23.4601923518048,78.8768765734019,1.0945260691686811,Normal,0
476.5846625276664,56.982233136135896,15.531926665231072,65.56553124533758,0.7266283273438348,Normal,0
476.58630430508197,53.934853854217494,26.066468536864694,46.64518430900109,1.1185134547694662,Normal,0
657.9212815507392,58.95193220027733,25.006027376811122,64.86036289417638,0.4591216736794449,Normal,0
576.7434729152909,56.351718016819696,20.914556844659046,44.52696011061634,0.874023089527238,Normal,0
453.05256140650476,60.49552715319335,28.296228342162024,70.82691053887073,0.902345231509691,Normal,0
554.2560043585964,44.64764788439432,29.68785068813279,55.28875348182122,1.1266653652142478,Normal,0
453.65823071875377,63.173940656343255,16.962200678155128,59.06363811260829,1.0045261705353739,Normal,0
453.4270246429743,51.975996046923996,21.18637610716893,73.2579664754219,0.7188873892287426,Normal,0
524.1962271566034,70.75260872625265,21.15428825106351,47.1283643141575,0.803001374836597,Normal,0
308.6719755342202,43.10812181910432,20.300484494455677,46.02881814887009,1.0397360019094815,Normal,0
327.5082167486967,67.3596380316525,29.147374209658743,54.16400673653995,0.9841865316270887,Normal,0
443.77124707590275,51.979107834626475,24.030869306135983,70.38378851019317,0.8841751780728507,Normal,0
756.8610762563118,131.68397978013644,33.72821392320422,83.16171209793478,1.50255765064317,Component Degradation,1
531.4247332595273,45.16114165945678,14.980688177966233,31.67844401889431,1.1392335994318579,Normal,0
409.1975924478789,46.7965269180568,28.17709015104613,55.488411415910015,0.896461485426157,Normal,0
358.76962986647084,54.241659464019165,18.80370802573264,65.51740799910921,0.9823817511941854,Normal,0
1065.5316122032348,125.7750001284929,41.591855081414565,105.98887592049437,2.2895482261237516,Component Degradation,1
477.4223699513464,44.26299996061421,26.386884689790957,55.36838637914601,0.7152634726232154,Normal,0
506.7528204687924,49.756454077390174,31.803292979193255,55.885733928839976,0.6296314536850682,Normal,0
357.52518137865434,71.42270358611864,18.45589800440444,71.53900734255747,1.1567179329597215,Normal,0
445.5617275474817,67.27543170100711,9.902439220895873,41.3025830030458,0.8642713877411794,Normal,0
511.0922589709866,54.36323669674032,25.919247723768475,56.114792248169906,0.936352494451476,Normal,0
600.9736101399922,107.40498527145786,50.22804986968541,86.0607157284273,1.5958037642479894,Hazardous Material Leak,1
537.5698018345672,51.200313267182615,31.19473176469719,64.49218721285034,0.9480399718464975,Normal,0
439.9361310081195,56.13517972730416,26.048297076373128,54.901933068091175,1.3197076224192683,Normal,0
470.8306250206723,39.77207434801595,22.541819071839765,60.344410117058416,1.1604256917236238,Normal,0
439.8293387770603,47.42623462576655,29.035612983186553,35.1167264658701,1.1724447023773954,Normal,0
685.2278184508938,33.314159261224106,20.132269001477656,53.41751587666152,0.7167545888414708,Normal,0
498.6502775262066,53.992231226052795,27.381788846781095,64.53508712554468,0.7697692526894262,Normal,0
394.22890710441,56.47195939702741,27.527350795833133,50.177059657453206,0.43218426810291455,Normal,0
582.2544912103189,45.16813537700626,30.3010495374944,60.58984221589597,0.8381238357834492,Normal,0
377.9156350028978,65.73986763290033,38.79830019455539,64.46872500802698,1.1913406372771318,Normal,0
520.8863595004756,37.74234336997659,26.962079835893835,56.57450799142235,1.1033893031496742,Normal,0
304.03298761202245,35.3562511979018,22.455181871462507,61.70463770996571,0.9556973474095752,Normal,0
367.1813951101569,52.24451818559972,24.87212843904003,50.372674347153875,0.9955399432563894,Normal,0
731.0789138577943,160.20069238721857,30.97448234381847,93.05397203852107,1.5883799090105866,Component Degradation,1
573.8466579995411,66.83927691457869,21.52643434455471,66.10216169589222,1.0409517764803569,Normal,0
517.1368281189971,45.4111573713106,22.95358780943448,61.569729609684344,1.153175655896123,Normal,0
488.4351717611759,60.78680833431296,22.379558010327038,54.13468730436065,0.6768226425179054,Normal,0
469.8896304410711,49.61491530499293,25.76177436016861,62.24216404290793,1.0599295375674695,Normal,0
352.1478009632573,48.273727000591805,20.887900338088997,67.14609790636618,1.1864869741909334,Normal,0
428.0155791605291,58.83659937486672,30.605153336622358,39.50058721422522,0.916979942207326,Normal,0
453.93612290402126,56.5232287841342,25.001035324590987,71.59074064955898,1.1401401224241168,Normal,0
605.7122226218916,34.236078430157505,24.953498394306926,56.63745261318928,1.5629308888945106,Normal,0
534.3618289568461,64.76540349725896,23.36052641743541,64.2548993324023,0.9791314414026216,Normal,0
787.1717247834306,140.16367103900836,45.07465824223368,101.6484071681082,1.8238859583690397,Recycling Efficiency Issue,1
532.4083969394795,43.74437298490471,29.125491323338174,46.28326302769534,0.8523885832677217,Normal,0
461.49177195836836,53.95803533437409,20.664348921445498,52.90558997572453,1.0362502325204102,Normal,0
432.30779996940413,54.94030186282739,21.709417554623716,57.11451304124295,1.0920543249964607,Normal,0
561.1676288840868,52.60673765823907,23.481369856116675,52.16246478875571,1.0389684680540276,Normal,0
603.099952249595,44.4969484615458,18.270645382633926,77.34936575836808,0.7960609360582287,Normal,0
593.1280119116199,43.283766320619485,20.903710701392512,51.432279061732075,1.0412723542650901,Normal,0
416.07824767773616,49.744459290085544,22.618895632276704,54.44453220513133,1.2924391877435273,Normal,0
469.07876241487855,61.72729019259364,29.37194590356364,62.04389031602977,1.0897271529029056,Normal,0
533.1263431403564,55.43600154594432,26.312806645009626,47.97850473923911,1.1923974378143682,Normal,0
597.5545127122359,46.29385667913894,25.967949556837723,56.04319288243736,0.9525976059974745,Normal,0
452.082576215471,57.716987106483444,29.25448981083986,63.17453261250175,1.1499800478847422,Normal,0
481.4341023336183,21.514573793699245,24.313141058003016,56.67139595617489,1.0558535676433052,Normal,0
389.36650259939717,61.48765700372103,26.952324249644448,59.06613141100052,0.8098178540625536,Normal,0
380.37933759193294,32.60286221221901,24.48389123533752,54.70667887551629,1.0637042009597748,Normal,0
581.2525822394198,46.37559058596868,26.326811746998143,44.85529690819233,0.8016606673119379,Normal,0
635.6240028570824,38.803301053738565,22.08620671194209,63.215932113392384,0.8734239450230417,Normal,0
868.0949073707793,112.47955683146957,25.9904338766759,112.16789143513307,1.6817248787034895,Fraudulent E-Waste Disposal,1
600.3532897892024,61.608267873785195,24.32860418906848,60.18401630783438,1.0594488546760248,Normal,0
536.1636025047634,45.32298798688109,32.1137406804997,62.25264117247549,0.7621535069845742,Normal,0
435.4880245394876,53.46503881730716,29.631077011207964,66.9272275511686,1.2107971542365752,Normal,0
536.1395605508415,49.53079421120816,29.826987422955852,47.30669503453301,1.1144012556600946,Normal,0
653.8036566465969,54.770408272231215,31.18065360903109,77.02514658129606,0.8590543128778232,Normal,0
496.41739608900485,50.768218910602556,25.443287954807186,62.02328796422802,0.692483040710165,Normal,0
656.4643655814007,37.1700777581143,25.986578537027977,76.3185689908911,0.9710190841837137,Normal,0
238.02548959102558,59.9626681944714,21.91174052282825,52.66967004476011,0.910811257227768,Normal,0
582.1902504375224,45.06243416838687,23.41963571986475,78.18061922557825,1.0226280914106045,Normal,0
508.7047068238171,34.434181013402494,28.07885574885571,67.75155494034783,0.9273766677688867,Normal,0
470.09926495341324,45.718848390340874,31.019422185844082,65.53040085852358,0.598508627850998,Normal,0
509.17607765355024,65.00759790634311,24.302768621595003,62.34024454353148,0.9223306123397683,Normal,0
301.24310853991074,58.50221742113493,22.749053675742942,57.514713819255505,0.9388761777863374,Normal,0
478.03281121624883,46.51347865592141,25.002639794282988,72.00531658473872,1.1267322049548119,Normal,0
535.7112571511747,46.50742295681571,28.006033744645574,61.40359869848047,0.8603600650777901,Normal,0
647.7894044741516,46.783649487826175,17.78072591933229,40.32930296412847,1.3357349346745133,Normal,0
448.1729781726353,70.76747983560841,13.51909523431381,48.82813538292997,0.6176718898696485,Normal,0
419.1506397106812,53.819354522315535,22.247315752542082,58.14154247807253,1.2622334995605249,Normal,0
449.8242956415463,54.300416471910694,18.896437870429207,63.09998983165555,0.9551362058243791,Normal,0
815.0383283149729,144.71378051070522,40.309367373846065,95.33987209195473,1.7396642339331336,Component Degradation,1
532.8751109659685,52.387891590265134,24.26109840591264,72.18970789793663,1.0159602968117467,Normal,0
447.0239796232961,47.40957854179297,22.733757954884933,40.48898135961375,1.2279111072050939,Normal,0
551.3267433113356,48.03650150915022,32.26233767235372,61.435879365051605,0.9225276070894377,Normal,0
509.70775493480403,49.283987405859364,26.6337238230116,41.82020774612845,0.7802759149644376,Normal,0
596.8644990532889,49.627777634901584,26.502371798054142,67.59712295484168,1.2841008574542125,Normal,0
429.79469061226473,57.2762954363698,28.11103572021701,59.05541285557997,0.9773038708235717,Normal,0
467.23378534022316,50.519458858072994,19.305834411096154,64.19609972024118,1.044311694724842,Normal,0
460.7891846867842,57.32640077215579,30.195558937101342,51.36117039410234,1.246950382808959,Normal,0
353.64850518678816,49.19283419891418,24.6211785673227,72.7946493165775,0.793608951581113,Normal,0
529.6120277064576,50.786351903160906,28.352403086206063,70.41724664058852,1.1190981795278514,Normal,0
526.1055272179889,30.017993154678923,19.64071383479922,65.83544303011888,0.8820210487074218,Normal,0
500.5113456642461,59.16327674702482,17.23120616991968,58.704827531365595,0.9735661288711256,Normal,0
942.590748503173,122.38226384311227,46.58670575796057,87.7349474726957,1.7524841441523886,Fraudulent E-Waste Disposal,1
358.46292579495855,59.98010109859652,26.882047630487584,52.93107432012651,0.6999556277106127,Normal,0
457.9354677234641,21.037446218063106,20.48974222821245,68.55555659020712,0.844232591435913,Normal,0
465.72854834732306,70.88374704780728,20.651684593626527,76.4948089432392,1.2702145784826278,Normal,0
419.7722730778381,48.604103718448265,30.627173922073847,70.70610559979187,1.177238237716959,Normal,0
483.8714288333991,61.081828167375164,19.05294053566336,52.70397530192591,0.987472084534553,Normal,0
540.4050856814538,39.60094072874469,33.21336476627982,63.61417317273103,1.0486246917025785,Normal,0
688.618590121053,56.1277390506257,20.496896326760655,47.06858456241352,0.9411514988727084,Normal,0
517.4577812831839,39.46584436826344,28.191959628041914,65.72390311175675,1.2713166771655964,Normal,0
525.7550390722764,43.76231039304195,23.356907621255075,64.50603412862539,0.9599294844411672,Normal,0
492.55540842338326,69.14031353866787,28.015937155411716,41.30183660467836,1.0463684184269697,Normal,0
308.1228784700959,48.09317599236653,22.279429989429037,48.38216156087636,1.229206028828413,Normal,0
497.3486124550783,52.17432873179723,24.18603546963853,57.16861103256233,0.8445257030308186,Normal,0
506.02302099410264,58.70067730688754,25.204595876978605,56.991402528591735,1.3117578368993787,Normal,0
746.3242112485286,54.95681887972604,19.989062721092637,47.90523064581195,0.6939077180513247,Normal,0
480.76390352188776,51.504189051435766,28.704121727100627,63.889787293521834,1.3259284262225597,Normal,0
530.1547342333613,53.64961002466225,22.433932167642073,62.51473608940512,0.9254648832096051,Normal,0
496.5288230294757,74.03415585238275,23.857000423299908,58.05730868021481,0.9514602504349436,Normal,0
383.1321962380468,49.42381202966415,20.028253126957438,52.44208499841637,0.6219979657634114,Normal,0
614.2822814515021,52.010990467149675,12.188331706023448,70.48707126416564,0.9090410565244614,Normal,0
575.1933032686774,60.50654396007612,24.044861186999157,76.55407113088296,0.7920386937946231,Normal,0
579.1031947043047,61.05525932957984,37.063077108064576,55.16438516153463,0.8784707309253055,Normal,0
409.0612545205261,61.8703030556038,28.92302143949012,53.878330828451794,0.9725378068422241,Normal,0
640.2794310936099,56.38730222029184,24.903698101328025,64.91207665411996,1.1915583228945812,Normal,0
623.4283485356642,93.82482838337708,40.56955876105223,79.58875500614539,1.9353590904480023,Fraudulent E-Waste Disposal,1
558.685709380027,66.33431532301096,25.11232946406023,58.60602799336766,1.0615353306802229,Normal,0
719.0455625809979,38.53654606981312,27.73559557587605,67.39653151724671,0.7808961222308876,Normal,0
400.9463674869312,53.02635465239033,19.095935923455777,40.906439124927076,0.823849182079454,Normal,0
443.3702270397228,42.45724149980642,30.571608473344362,73.1830232485267,1.3597450036702625,Normal,0
509.96513650876415,49.35861653407007,28.57690657720622,60.72680524329341,0.8529597930473507,Normal,0
449.65243458838006,53.2876241030348,28.59092862853967,55.8850685543782,1.3312416504114593,Normal,0
344.93365689338674,53.21357215450273,27.192378694048635,59.10765845778551,0.9513877602238267,Normal,0
506.85629748060273,54.21920754235285,25.09808328846995,59.62429355020519,1.0004575872287007,Normal,0
393.7696286273895,66.13711269058646,28.3643061798341,42.68798696555075,1.214073032045986,Normal,0
547.3592430635182,54.5353430151398,27.95907066870689,74.94938227453235,1.2543784843877313,Normal,0
764.1267233075466,131.41312288627574,41.014955245911516,83.0335486957155,1.7783160854429312,Component Degradation,1
654.993440501754,59.64087168288357,22.131991135515495,64.43002130447375,0.9223513892956923,Normal,0
421.67467076637627,61.894704889246405,25.509281476309933,69.51549770574043,0.9888159102955574,Normal,0
467.79384837943246,37.72392184863008,32.74510075747594,49.788375424396996,1.0675915056464236,Normal,0
581.351721736967,55.97400069849858,18.804464621730496,64.73471899035229,1.178260737373951,Normal,0
376.91356835660446,57.01172742310898,17.662373671237802,57.32358909101207,1.0008459717988303,Normal,0
522.7459934604129,47.02436496640008,25.823804206182583,68.46770775216494,1.1237772596046307,Normal,0
630.7142754282428,63.75706813311619,25.25443850928009,38.727725796485046,1.3276719464541882,Normal,0
339.25167654387724,48.499444129674735,25.86670832185204,59.00905699758731,1.0762619224529568,Normal,0
518.4633858532304,51.255764534715425,26.219765989542502,53.97179344216038,1.0623305712009556,Normal,0
525.9882794248424,48.2692817571613,23.883988726825976,64.32262950634156,0.6962178349819864,Normal,0
578.182287177731,50.155790475814676,32.44931719301041,64.70044187368202,0.47385397263418727,Normal,0
376.3049289121918,39.037249131047986,16.99548010761742,52.92374105177974,1.0776751458460336,Normal,0
367.9543386915724,35.59949117405706,20.85751487609877,52.87826135823956,0.9810351537438255,Normal,0
552.1941565616897,65.94505063224972,24.483726199254765,58.89334631442671,0.8970434650170516,Normal,0
529.6984673233186,41.53038651681672,16.784055944229163,51.033577726847916,1.0487060408372688,Normal,0
525.0492850345877,40.08607650543693,24.120727977839643,68.41983695452127,0.9879192541606183,Normal,0
534.6448209496975,28.466098863962852,33.30735082864009,56.30792799552554,1.2255560501267797,Normal,0
431.99752784215093,43.610382523104974,25.10443244147981,30.930117806783585,1.0172221736517957,Normal,0
523.2253697161003,36.76910206592502,26.153504528593416,56.25177943378194,0.8506153429859664,Normal,0
529.3072473298681,66.4201516013637,18.6991761741371,49.61456179156028,1.1980332477918578,Normal,0
428.5648581973632,60.09817089342634,21.918192959802614,43.687241845390545,0.9565737850107595,Normal,0
1073.835072983357,99.72025539272255,40.68635399654245,73.14429957677552,2.0577882768194184,Component Degradation,1
547.3832920911788,72.52435805344308,23.41142451621883,61.094084718329704,0.9045178587614399,Normal,0
380.86965027973514,59.81765486991594,31.408218975018844,73.28640828248231,0.8700346229005127,Normal,0
565.655360863383,46.75168616491378,27.78845530362562,63.131844738649804,1.0168336460371392,Normal,0
402.53183297726787,25.00594285126427,19.44271021531484,53.934966117842606,1.002565728708737,Normal,0
578.7084603742452,72.90942572590743,26.232523892160025,64.55904195170703,1.0959654070733666,Normal,0
615.8595579007404,36.10427533236404,27.491108742483924,55.40909689781008,0.9462708493380515,Normal,0
417.93176816482895,33.546012530431085,30.700745192606334,53.05399630836855,0.6327280432459206,Normal,0
596.3376129244322,60.225704320096405,32.90270343284187,48.456373317670156,0.9134452232823222,Normal,0
541.2780926936498,74.39752406339272,19.924529040860655,42.48171193248281,1.158763693428763,Normal,0
582.2060159994489,63.84272818510518,20.94571244394831,56.100762934405545,0.9405247841513787,Normal,0
689.6792982653948,55.639091200523595,18.71211070542692,61.58053489920132,0.9507233194970904,Normal,0
475.46118839971297,55.94754341665286,23.829900704465093,59.0337632998511,1.1972753011811874,Normal,0
424.62638356425106,58.53415558780308,27.331791872231673,55.84033072052641,0.8576053545482154,Normal,0
411.04855703744767,57.589285897867654,29.93667258294551,50.542539393032186,0.6914393563514201,Normal,0
418.4189715034562,52.811914239693756,24.620244881787386,66.08246191684968,0.9678737760949011,Normal,0
492.2898290585896,51.04201103951876,23.40076238372578,46.82868080053415,0.9031652097502526,Normal,0
534.1151974816644,49.374068721004775,25.758789961243703,67.76027913843475,0.8067507360493492,Normal,0
527.6690799330019,42.46035411133324,20.824285491849885,49.97782981073275,0.9649243088202618,Normal,0
582.7183249036024,47.19324923133226,35.44769360847387,52.47564762646965,1.0983011294493568,Normal,0
501.3001891877907,33.07043185804615,16.961694864409708,45.33214809384323,0.9981422876864369,Normal,0
645.3534077157317,49.0166037320525,25.923702894478623,54.98597853114363,1.0613962145372475,Normal,0
473.5343166762044,40.11408892849083,35.1180310961482,69.75312458477978,1.3626815397030847,Normal,0
772.0169166589619,38.964106827842286,25.033999222799988,65.15628088443957,0.9314242276884872,Normal,0
562.5667347765007,51.798941511534785,24.049804824992528,69.78422112028035,1.055669726928934,Normal,0
414.2842443583718,63.92002286344599,23.212772885947864,65.22142545933936,0.8981573274801731,Normal,0
392.91075019388876,59.183166060023126,24.09804159118796,48.96330171469631,0.8307280560226054,Normal,0
548.2472415243185,34.29499396376823,31.864242373382652,56.692107756724425,0.883018469316446,Normal,0
955.9560839172707,137.5951789086149,29.48894840838553,79.01841215394604,1.8851807228696615,Recycling Efficiency Issue,1
571.4000494092093,59.40771187988216,32.66716850648163,73.3057490403904,1.071895159509425,Normal,0
547.3237624573545,40.175126064616904,17.880214237749275,48.03211353573688,1.4698151573401514,Normal,0
492.7171087343127,47.753668500029754,23.666738353827927,68.93697689389111,0.8567913127448319,Normal,0
415.3206281931595,55.50052099024552,22.853777898506692,68.9295387010877,0.9166749388769075,Normal,0
782.540484651903,128.87779621588385,40.22377012787745,116.74066838025809,1.7836594887601638,Hazardous Material Leak,1
455.3485047932979,51.0537550614596,17.009378240581263,55.903134073705026,1.0791597697419495,Normal,0
585.6398794323472,36.65974505081795,27.310863330409713,67.12322159580162,1.052710162390957,Normal,0
521.4093744130204,43.98632356048786,35.12154811643426,82.81651836538842,1.2568191587896234,Normal,0
375.4261221288012,53.19781934142537,18.184129977035948,53.82358323066303,0.5147215858929584,Normal,0
517.3180925851182,34.070062664683306,25.94853083805198,44.6495975246764,0.5226140259608654,Normal,0
538.5317379728837,54.40474737960399,21.690089111016956,41.19989966092236,0.9008243655979702,Normal,0
411.6142563798867,49.803622010733186,27.12943603096518,67.12712028861331,1.2194600375087417,Normal,0
515.3725105945528,55.524899544171475,25.09573888707876,41.168497919414165,0.6868703936788807,Normal,0
505.8208718446,52.23914134064661,21.79256545477845,56.27680947062077,0.39847353206124847,Normal,0
385.7029702169377,63.64140429973844,27.43936142435537,64.37313187038961,1.1142358812438418,Normal,0
535.7787360348283,51.25224502647907,34.021740548933714,61.85175536829914,1.048731444740543,Normal,0
556.0784526368234,45.70594458874747,24.045481041363505,64.25444864184172,0.781958318640114,Normal,0
608.3051243175277,51.222975030322836,28.59878971074091,62.22289855800854,0.802892079855814,Normal,0
605.3802052034903,55.43298029036388,18.53363521064418,72.78865813313394,0.806051256073065,Normal,0
362.2330632042909,50.48860070325704,20.217818115909957,50.476836192612026,1.022107063494788,Normal,0
406.21749600848773,50.405916912038826,27.362031389401885,53.23004861541469,0.8747369447633986,Normal,0
551.5035267208659,42.980083121932445,32.420580142679825,52.27340554729176,1.098812783795104,Normal,0
551.3785950912209,43.37099082449052,26.7780667439283,68.3019181186261,0.4290746674191218,Normal,0
551.5047686306048,35.97394728200307,23.434709847384227,69.00398588395063,0.8286296269744401,Normal,0
885.2731490654721,67.4957674318694,24.99645702711677,64.51225319318507,0.7747892078177899,Normal,0
557.0890510693167,37.56136764608715,18.747961330151412,71.83493666889927,0.9487318643255016,Normal,0
613.5565640180599,43.07094802204092,28.022576631776833,48.21959132623619,0.8923904483019722,Normal,0
595.4001763493202,42.81592734430802,29.411665311617046,76.67224111551137,1.1595687559791532,Normal,0
565.1391251305798,58.949243769444415,22.7395483358346,75.23238621712258,0.6281326456679885,Normal,0
468.47307553596545,47.05050321707972,22.649789261202493,67.35621997245747,1.0090982952661505,Normal,0
575.8969220493268,62.477420726737336,26.329391148260243,77.8179890877106,1.111667284642341,Normal,0
422.71747854624283,43.26509375756132,22.816401319797023,43.43376792322226,1.371329487312391,Normal,0
476.31813932599914,52.78994162223802,24.669336926870887,54.755518637373484,0.903646805781305,Normal,0
451.46364521708966,41.64652946740243,35.49860894583258,52.64696539318048,1.0648917208705033,Normal,0
508.18741393863223,71.45149127773388,23.76487149627002,67.21479323757343,0.639227441487527,Normal,0
731.4658566673509,38.12401580970487,23.20829923989389,49.498592603978544,0.5216087591373952,Normal,0
313.2734807408252,53.09820710227027,21.762290971824203,67.57495149337485,1.1689548751563401,Normal,0
568.6260190374513,56.337768809320984,28.720959857499682,73.70536143996713,0.9988879412703859,Normal,0
338.72841288103484,54.137990974514985,24.093879133909486,66.95202900084,1.2357025379596847,Normal,0
452.80681342105663,48.147123411222914,21.753134808392872,62.83751023661501,0.7253194222060502,Normal,0
608.8950596967366,48.70179300266574,31.60652016136506,50.121266590992505,1.1039804279057506,Normal,0
506.42800190954625,50.438114719791095,32.098015022568184,51.53149033874635,1.3737635681087705,Normal,0
392.2255222070694,48.529979983715116,21.997882171306475,72.49618905296667,1.0839411216714532,Normal,0
428.4696290740032,59.638791167949094,15.66730024319692,67.79349003905332,1.0553163011182098,Normal,0
567.9597748934676,72.10523001591352,30.03756844918461,59.60980480622456,1.00171121616487,Normal,0
426.96333682828634,44.425082149921664,21.57685087119998,55.8209045423411,0.6858237085748176,Normal,0
521.6458589581974,36.301970204209226,28.953127995813844,39.74192126888623,1.2711145871420697,Normal,0
504.55718399038136,49.117179516487454,15.149480911440822,49.291475813155614,0.8778284720389868,Normal,0
434.8399652394183,75.79709337654319,29.462986691496546,79.11419087139723,1.1008966512766034,Normal,0
714.3944089325325,41.963254320302696,18.944140353596094,47.195444289975335,0.6873931386857492,Normal,0
563.3919022318012,66.39116805444067,28.653820595332622,61.89479821221081,0.7641080670984439,Normal,0
297.48574133423926,66.77700814076441,25.071365339182172,70.07443973195198,1.2870174798444471,Normal,0
518.6454314769428,44.46411758292005,20.230302903016778,47.450773319977074,0.9305395422084314,Normal,0
433.8213535231612,55.689830791852756,22.964818435366098,61.84710474781083,1.290655095208509,Normal,0
585.2433334796224,66.28396623128538,28.431592284783505,69.37915537510655,0.9843538681882964,Normal,0
420.74792615672993,46.20872259012513,25.52947226557617,60.1249932190725,0.6316204454084284,Normal,0
488.5263558533101,47.964196398976384,27.922064902362422,88.68403055666768,1.1784135199463441,Normal,0
951.2147824931301,100.49736448974201,54.3399678950409,65.96548896090769,1.7693580050397775,Fraudulent E-Waste Disposal,1
800.4963852215499,121.05040816467205,33.439772961315214,108.41130124687498,1.8925659414185183,Hazardous Material Leak,1
379.9703592944224,43.50722454933993,33.08606287484312,58.27198262603535,1.0050421735080164,Normal,0
466.54987641590515,37.760597332377436,25.521779687616064,67.71920154836675,0.691376354411426,Normal,0
452.50546888390437,50.34083468259226,20.50607975838436,64.41307151699246,1.032858953074114,Normal,0
434.6670767426288,42.30026768941358,18.348431871305053,52.668438028900034,1.4392446284305598,Normal,0
676.5454240281097,52.33785911790748,24.054398046114834,62.2899639245934,1.0985972917028919,Normal,0
820.0249217217064,121.15654298711911,45.96764632703663,78.92073924707016,1.529865601142443,Hazardous Material Leak,1
373.9116045664955,53.30880232214457,24.362254398112327,66.03247500571393,1.2150686803913795,Normal,0
591.7861947054776,58.33528961608925,32.55577465123674,62.98158465990526,1.0421336930406222,Normal,0
712.2156197012633,30.062643574285445,17.744121549742204,66.38660168643102,1.041906846052559,Normal,0
603.2465260551147,53.74056569847572,24.939555260769726,70.5811832508715,0.7816749655681795,Normal,0
348.06300340459865,62.27668992473292,18.738032777934404,63.67619840209711,1.0467696051579196,Normal,0
799.136939288537,127.11758056081639,42.65742480510225,83.12955963836258,2.0899148516359807,Recycling Efficiency Issue,1
626.6911149186623,66.72572386837703,29.4344369504865,51.18931663338708,0.8327875695799951,Normal,0
429.23305343812194,54.190190093660455,22.896191031594732,52.87779236350949,1.2848991642493894,Normal,0
544.3819428146228,42.949881442415915,11.97893071686433,71.86734620177332,0.9816587951709748,Normal,0
577.4634053429337,49.44230922342294,25.99474073398247,74.36335405705978,0.8224460976922918,Normal,0
407.3069528421917,55.58326912521722,27.183692758667547,57.61889563687946,1.199526415384049,Normal,0
494.04746439382,50.760053914124114,27.021473774808488,60.460027472532744,0.9426411528523462,Normal,0
638.1983670930963,133.94221804618942,41.268897531943324,76.11007373052908,1.8553143011964541,Hazardous Material Leak,1
397.561235866571,40.79326406920634,19.644731601754756,71.72756845267445,0.9416482735482926,Normal,0
474.743184860684,51.69360824036078,28.401080527252248,66.65416823691778,0.9880347712940193,Normal,0
375.221681803515,35.8628550309502,30.962537562389876,79.4121743646375,1.0987120408668583,Normal,0
663.2411303931635,48.887739386513,16.107062079967417,51.21676922820261,1.0581794115180012,Normal,0
356.98586220393673,40.960923585352106,26.598259129594886,56.21992100981783,0.6008936439096523,Normal,0
455.9955513303016,42.64470057410233,22.479100844961643,62.314459225255725,0.7757512519811216,Normal,0
513.0740577286091,62.36093175210438,24.59238663449177,66.4648953772577,1.185881996958163,Normal,0
644.1273289066115,60.91310120594269,26.738382417691682,57.84332362452368,0.9735726822196905,Normal,0
356.41378488205606,56.09138120907177,22.56385717943224,51.270389095462995,0.8952537394457156,Normal,0
616.316375215496,39.07687235327421,21.62145960419194,68.81407528923572,0.7282851969485051,Normal,0
501.0233061019587,46.83591550305198,25.170762087440124,67.21135362545581,0.7840527357448304,Normal,0
401.8491348952049,62.130976999791834,19.563770305685985,50.83725899436275,0.5956402720076105,Normal,0
546.2103474263271,51.417169136399046,19.570874355574073,73.55442801105495,0.9797438562596934,Normal,0
519.905969557347,73.19329539981695,28.396866414782515,71.70198709196603,0.8803124838837906,Normal,0
439.97831228412053,53.93317839394372,19.25602982420672,61.34296497247793,0.8066824218029369,Normal,0
506.9802084990019,51.92049116490031,28.33156250454606,60.79597862376036,0.9863753149664094,Normal,0
461.468640313824,46.908835357974986,27.312956464269757,65.54057771115907,1.0727941261705476,Normal,0
511.3517345251248,51.33540904782282,16.370966356047017,51.38296929743742,1.418639586441989,Normal,0
566.2130674521047,48.47530163619456,21.612176738321725,60.30031479164082,0.6976233160873573,Normal,0
658.6016816145352,57.0810867668859,30.97054701523686,38.4761645539082,1.2318762086601045,Normal,0
376.2184501173151,59.56702316794584,20.09417234430159,68.76455645502935,1.1946203122030143,Normal,0
713.3033374656267,42.140105394920504,22.677978688453063,44.385067775581405,0.8441814521246599,Normal,0
304.7912200477498,36.68767046442222,27.31030446625948,75.03419828428999,1.0406471909172061,Normal,0
484.82149049644164,31.637946268967035,28.91695254641298,56.698799060335496,0.908473350132477,Normal,0
558.8317206484577,55.079913269125434,23.74230556977752,57.88333018068823,1.0371377160837478,Normal,0
528.0991867735032,38.966333938261265,22.01244902654179,53.72266093915494,1.3018262026809102,Normal,0
437.7300480179406,28.47109407047517,32.11184930849254,57.11961126077924,1.1211212465262625,Normal,0
732.1113480926383,144.5224312605436,49.11210151839805,96.80691068557442,1.9848002254380774,Fraudulent E-Waste Disposal,1
450.69990653411674,74.9299951743279,29.894290253908977,35.1219134346492,0.9139381360090715,Normal,0
441.0635243055788,49.939290884601064,25.42659071282512,72.76965386088187,0.7031886670151329,Normal,0
584.9602097021025,58.38490774451642,20.95867139179537,63.38023481101708,0.9583063578919184,Normal,0
535.7015485965047,50.81829358547565,20.847777967217173,47.929783521427844,1.241321630972783,Normal,0
430.7090404739346,49.01110346808857,27.61257052632879,49.24687606950762,0.6945664286820705,Normal,0
589.959987543325,59.190764829877686,27.09199110444342,76.76393027208204,0.788982126364661,Normal,0
530.7299520876609,47.097254558113484,32.007992964732146,50.54493120057269,1.0252535472468136,Normal,0
581.286211883896,52.673923140719026,28.252250462680696,48.46649489404041,0.8030690430305475,Normal,0
562.9628841923612,53.216978061960134,17.48459849120091,71.37314542364729,0.8414953105769575,Normal,0
417.10049890779277,43.31909546356951,30.259738088614593,63.385528762859146,0.9152802836543645,Normal,0
443.981895980303,59.92042349536523,20.009696863427934,50.620744234636014,0.7268765191619702,Normal,0
574.7293605123261,48.25040243304591,23.08014364023824,62.16624975404619,0.8051756307567264,Normal,0
561.0370265433464,42.442548405071555,26.251001031258472,49.742473163597225,1.1406855833574618,Normal,0
497.90984060358517,55.365098435704034,34.978337448919824,71.00821398422605,0.7385260435538072,Normal,0
511.7327383308782,41.015320182089624,40.549592780026806,70.61370964873133,0.6804255731010325,Normal,0
627.7664895788425,50.281811573691286,28.033615295680914,65.32006198821944,0.8739950040932212,Normal,0
440.842861116417,49.90881003355796,24.084016906398062,63.61661061247017,1.1463911005019691,Normal,0
554.7097381170038,60.85895565831578,27.672528242402752,77.61188124867374,0.9606156384006221,Normal,0
479.78073475661057,54.746982328799525,29.43827712936918,59.996863273882255,0.9070837843768763,Normal,0
478.23187967727796,49.74973041254856,23.396661872214043,48.181258745791986,1.0088717595031214,Normal,0
609.8776851987191,58.17766299200287,33.97605677956161,64.49473912832306,0.6508585134280696,Normal,0
582.541634898803,63.90207549017313,26.15035379595701,80.86047049537115,1.0989411307550065,Normal,0
581.3509636000639,55.578103063518626,27.48871544545697,49.85240506814148,1.0766870062807288,Normal,0
630.5478807154329,50.103526198433805,28.329621260272308,56.38537233306014,0.9181383051808557,Normal,0
502.1003841632759,36.8816376764984,27.10793305307228,64.16446038101452,1.2011849023592833,Normal,0
568.1952971294963,39.348863369246274,29.19470250234806,59.46095150994261,0.7745007802093923,Normal,0
468.9733243406544,46.94775295645332,21.913734067265384,50.176964196226855,1.2255817986507138,Normal,0
532.4166352488442,43.90487797840717,22.208491230269846,71.21857856230471,1.0308987331190502,Normal,0
486.98569456323156,48.13028697014554,19.499228835141526,83.2004072201726,0.9326894820243653,Normal,0
509.6995964992718,50.56649924897107,27.19750615310113,61.96131459023907,0.9960252729263377,Normal,0
559.5157025436913,55.29692754356731,28.89468251756057,50.95931710264,0.9785470468378117,Normal,0
418.17793167665275,49.29501221940909,27.28886433075943,44.51039474946525,1.2440565792835434,Normal,0
709.238727568546,54.86501643826202,33.37246216673769,62.57975981221181,0.7846641745057973,Normal,0
399.3982618500298,50.6447441481012,24.97201990585477,71.03877343316258,0.8474961521706803,Normal,0
378.5811387212268,30.245334336461287,28.343708277962563,64.75167746495381,1.207260578414496,Normal,0
615.8110873500068,40.606646061812455,19.54149561930343,59.97596159081146,0.8808930129632282,Normal,0
579.1662693962936,48.55912444278385,23.064501487627997,54.107283482106936,1.1801066154663182,Normal,0
562.4119817052156,37.90305257158892,28.47768878782889,49.0783636728191,1.339887196601742,Normal,0
562.8345509264279,55.99928729996205,29.245510553715718,68.34751326324883,0.9196409946116733,Normal,0
498.77532271530856,65.30750832343698,23.530165261679088,69.13771621385585,1.136272465315061,Normal,0
410.2745628514168,62.18761851697317,24.642003740709665,44.54270213309267,0.7692615437320283,Normal,0
507.5804558193726,47.86557129069792,17.410631266595953,75.89838978180684,1.1509466596135618,Normal,0
432.28382884878886,64.90726136849952,23.214853995966955,65.74071220894001,1.0398847971973535,Normal,0
597.5119733417752,51.486674572021116,29.45191581759893,73.99594645145794,1.094607656432043,Normal,0
485.29426184978615,46.629140288819606,27.87602508053283,46.57872251514885,0.870885585592921,Normal,0
417.45028032074885,43.8659733645906,27.50332860690605,46.34175844584561,0.6677833168865654,Normal,0
467.86141583470067,46.975303135118715,25.2488684359048,58.51030690232703,1.1006504129499008,Normal,0
541.2931454275624,46.118231814587716,25.03531579314088,65.02784426895194,0.587319369504109,Normal,0
443.6275447196025,51.70416222375488,21.698394302632764,77.96360822926964,0.9365299015514931,Normal,0
417.77796044335685,51.60573981049865,28.494142101012674,67.06078913815132,1.188236373283994,Normal,0
524.3687211491913,50.03046020153415,27.10486472194695,57.573187231879665,1.0383795471746071,Normal,0
524.4966571108723,54.369381697463496,27.460094239963997,49.73630792334108,1.3896685289579627,Normal,0
449.30568246288703,61.906462747863415,22.369825786662098,72.3000057271915,1.2050218305163547,Normal,0
452.8961694381677,59.495541354413234,14.233285400643778,50.35294574249285,0.8692203223348847,Normal,0
910.1567210954198,88.87244123742676,45.52268117114292,99.93718815278524,1.7924502634861588,Fraudulent E-Waste Disposal,1
355.1915658502676,24.46078865098045,22.605812719957978,57.15615350393491,0.9905258594911128,Normal,0
359.2536225623445,59.34319911239274,20.686121179784397,75.9058207261785,0.6835646473307746,Normal,0
428.15557787475643,36.33121301584579,28.467394559569968,66.78931290059279,0.8119202167031293,Normal,0
478.6552848288153,47.75234598107316,23.03993680040435,58.63004510557542,0.887847818604028,Normal,0
867.3550824893746,131.47037046549477,49.46929305125799,94.74219053531581,1.1695979673324362,Component Degradation,1
647.5356216949552,31.9801956241998,28.08502974788349,56.5909212265392,1.0094986936503285,Normal,0
585.7659623202019,55.41462728204788,28.417846616002386,64.28316692375238,0.9501856310693919,Normal,0
484.0061470036573,57.59155160302647,18.170221443997328,60.771564962177166,0.6654212197376852,Normal,0
498.0983792097311,44.2348959927328,31.059719926932004,54.06188591931295,1.0808425730554665,Normal,0
399.7470635362191,24.089577078550903,26.30625265616928,58.34368589682368,1.143174548938192,Normal,0
498.148686400761,44.53755551747517,23.153614303768983,60.7857702971915,1.0454068957729779,Normal,0
471.1341361079862,53.91804005402547,25.716942336711256,38.71265905585188,0.935186364958206,Normal,0
532.271856033809,35.21088431225871,16.1188238355084,64.58168114788698,1.118288430350371,Normal,0
417.2769056447677,51.83359919779156,27.043264057403356,50.20278775283193,1.1360440720953382,Normal,0
551.9346514241172,49.846901508270044,19.853142459089643,48.46667596794255,1.0614807139439377,Normal,0
653.2738913002578,55.792914996010886,18.23664857078233,43.1265565288929,0.8350775499130478,Normal,0
489.12398515431425,51.19580368414153,17.388204068910547,42.0610750213211,1.055320153102236,Normal,0
540.1711722098942,40.26931059118444,30.563441874949625,46.44552496887711,1.2390961301650958,Normal,0
569.0143991711112,61.965715016644914,21.853683031536058,52.9097904236951,0.880674188277654,Normal,0
459.8779528114164,48.4147042697303,32.6686385495825,79.53259137526568,1.4195878678264862,Normal,0
522.4092481810417,49.72695460490068,22.32099268473851,54.74120324104796,0.8948738132029231,Normal,0
501.25924007817946,40.667320409268044,16.463210212035264,61.777501062680315,1.0064814026680273,Normal,0
509.7676098548832,45.567177488084894,19.417377800256705,64.00481386506328,0.8655028807987327,Normal,0
422.6990216144534,41.15197285973099,31.179058100034695,61.31065186215849,1.0446541671840521,Normal,0
502.4510174258943,48.27053940076577,24.220509110316662,59.225565392740066,0.651555661472945,Normal,0
549.799829124545,67.11708480142343,22.258563517546996,48.04706236400755,0.8907916402366558,Normal,0
645.1143607795042,36.28098857068643,25.80009112926394,74.50927548279212,0.7815757599302866,Normal,0
595.9270826085207,33.86438602123259,27.508913680837725,78.07196643637886,1.0270676695784582,Normal,0
715.3182457511557,64.71170327493608,30.586994079512305,43.17341305877314,1.1988894751017816,Normal,0
423.26524371119507,47.90676322848134,32.24249614946463,49.7597140911362,1.1292012374229103,Normal,0
587.2320636720679,43.309272613400836,23.20115677105457,57.20189657622994,0.5256681278282216,Normal,0
518.3342005738352,60.39904687396076,18.36976156958981,50.35462205089809,1.408413930585576,Normal,0
718.9802933217672,43.94384460263136,22.93267419438362,65.05965553455866,1.0590559881241737,Normal,0
419.17017146448484,68.26009713546937,26.30140253291443,52.71727797593387,0.8447001719013999,Normal,0
416.0278157819224,56.77925871339269,20.181205368946944,81.65056067806603,1.0314255837981883,Normal,0
440.0607354555978,45.120885918542974,20.214245425524787,71.90548594343596,1.0352379645005385,Normal,0
287.6104275690193,71.57308213265503,26.718939407749428,62.12574030632215,0.8666302566096873,Normal,0
447.4244978319239,43.94285076996662,24.756738242147744,70.26986263319732,1.039583333468415,Normal,0
424.0867338446302,57.42095372009307,25.163984977057932,71.05900424357309,0.8785055424759385,Normal,0
515.0393786476208,52.99292580406492,21.207523326499654,54.36052511941757,0.9191276014619955,Normal,0
534.175597577716,63.01741289398798,23.847996428971165,51.83782755458035,0.8627441728489831,Normal,0
687.6170839215886,65.61511196726853,20.378834278658477,60.78143062969647,0.7134657420520694,Normal,0
595.042383818605,50.320041490657665,29.450992055623935,68.61636124497944,1.0291672940430767,Normal,0
442.3096344337597,42.46582129653817,30.176246673618763,61.390603986534174,1.1170598873032676,Normal,0
410.1585328651642,54.59972142939117,15.769060688809532,44.23003517809003,1.1029767192152744,Normal,0
549.1919171506506,43.22284630247894,20.35244569903795,51.97175556049157,1.1639850505270468,Normal,0
367.9766792979358,70.13387247526623,17.517353724549604,59.26027136405622,1.0648680420029737,Normal,0
683.1458765854354,51.36535331082737,21.74988032796551,59.2433439567417,0.8934549003566192,Normal,0
617.9440120721287,46.34678448687891,24.582810151048196,79.72542176789808,1.1679327728862376,Normal,0
453.08243478952954,51.84680305864909,17.75177390150735,46.14012057601002,0.728496492031613,Normal,0
328.68654709091226,36.52873710470303,20.390700934373434,65.05589241835875,0.819865723497504,Normal,0
635.3872374165413,40.28385961489349,19.980213139592507,74.8911310832829,0.8071599857153511,Normal,0
488.5460154747382,62.00413907944426,26.03633664699472,82.71449745422797,1.216011211827862,Normal,0
623.7816311973462,43.43105721028604,25.34672168518125,55.95602576816039,1.1885577028280152,Normal,0
340.5572341205633,39.5308901731806,21.391312233313734,64.914294527202,1.097461047408999,Normal,0
440.06249770462273,55.36652752527286,25.88410436069699,65.69760357198646,1.2143859730423594,Normal,0
500.5243699718183,61.85704154662997,22.266599577063673,61.95481731553291,0.8241434435176024,Normal,0
504.6980593764742,57.18953310665067,23.641724448369732,59.01154798760694,1.069719023972196,Normal,0
454.9934528520756,59.960476858058165,33.36726045149268,64.35975389500047,0.9749651143233672,Normal,0
562.2849932347499,42.43204911430539,31.70230525895174,34.677539147803145,1.1693764207769828,Normal,0
393.23795706174053,35.78189333258156,18.502093815362013,66.82069490062631,0.9769551534895605,Normal,0
485.76205149787063,65.01333651955487,29.148662089395874,61.26177903661967,0.9230114223179837,Normal,0
512.0295631711899,46.77320161157864,29.05698277245796,57.77525103221735,1.108181703712198,Normal,0
551.4438834058749,47.49166983544953,19.25868355623691,80.46862195719558,1.1752338334382466,Normal,0
571.161487808889,63.281941418490575,29.093888218774303,53.250659812094476,0.8663309610306397,Normal,0
387.5357908162131,55.5623000940066,32.68965959206277,55.96924010934969,0.9877848657295247,Normal,0
346.58858292643777,54.55887772081608,19.38727596877793,79.91553302204734,0.7883118732716694,Normal,0
627.7676821898509,71.65002344901083,20.412485894928682,51.679386951501435,0.5003877965014121,Normal,0
533.2314011979591,43.564817696198574,30.08830733421751,54.49884717063461,1.0400919262827457,Normal,0
425.15134634434463,59.278401280812375,26.35747655412824,58.5297457656915,1.1217810712509264,Normal,0
655.1151975522523,50.570131248970846,27.757381376197618,68.4073448212955,1.052413361817345,Normal,0
511.56746342928585,52.68592278863257,26.702946082002484,62.078025073533134,0.6100876564491265,Normal,0
617.9297184063827,65.28468426412532,26.95347960464072,47.07374652847737,0.929830113984705,Normal,0
506.7518481410109,55.07835756289624,18.367639358444585,54.6783143687281,0.5563304479897837,Normal,0
706.0747924881987,55.38296079049633,30.23658853310724,53.92645566787789,1.2739402215308369,Normal,0
675.5340842443204,60.72507337309802,30.84794996213887,59.22778954776955,0.7827890835763828,Normal,0
475.10358515209265,46.350472704571146,23.85304627965986,64.25843658629829,1.2510807218919793,Normal,0
1026.5501668796692,105.84229140382351,43.65869854587024,91.53907145102889,1.7605859839802704,Recycling Efficiency Issue,1
564.5375949585148,39.55190805978967,17.34446248722139,42.23988245951598,0.8198819294927877,Normal,0
636.8631557532349,30.33643410623998,27.571273780089175,70.63940987560856,0.773443009746451,Normal,0
403.5076539419896,70.56207129940321,27.86028720857072,62.52568845996623,1.0700740432772677,Normal,0
568.6051459998439,38.96791634278317,24.689044915003446,73.84532047593906,0.8311351925633857,Normal,0
605.8424486849588,47.78746376414228,30.621766799352514,64.44198327290673,1.0204969284316414,Normal,0
324.12605135768854,47.23186700111079,23.329613845100297,71.01322957735762,0.9034344818386163,Normal,0
381.6741487334225,53.07406697809101,27.823029629468003,64.66545311450128,0.6437683171068733,Normal,0
296.07678222398994,58.15737212539297,19.901678306539424,73.46225756202747,0.5539063961751082,Normal,0
473.0593165555442,58.60473488359745,24.88223924562881,65.22250636017779,1.0453368496989195,Normal,0
571.7542255795962,44.16922561431062,24.12822871048582,59.02084753557096,0.8876884507338749,Normal,0
650.2357052096028,48.32878286213589,26.12653961020471,82.72434720446881,0.8893820366171735,Normal,0
507.40947804197754,52.825799504882994,23.152365355833208,68.89037122279892,1.139172767818757,Normal,0
662.8615545571292,47.51308873816453,24.34263702164166,65.73744421004413,1.234688455326489,Normal,0
361.9898541785109,66.07345576019992,29.13023585720753,47.23695583461664,0.9454910557276381,Normal,0
329.6617560644845,54.90974951638251,22.81617881380891,47.11692382536462,0.9318802586180277,Normal,0
494.4452301103381,57.348777860498174,16.967114496306603,62.92715482141853,1.1000286066227767,Normal,0
538.4065448939307,56.628812686674124,33.7479195210271,61.45521197768241,0.7286128860600849,Normal,0
496.7305251905907,61.73473857485325,31.907270393452432,53.858774349916835,1.0446306109495394,Normal,0
293.25578999601237,51.81021558703707,18.538686524471906,61.4098269961206,1.1103771943644307,Normal,0
491.08799604872115,37.03168052044153,28.448539026225973,75.88626928043595,1.1360460416835259,Normal,0
369.5530499495147,53.996879517526416,22.485126147243285,66.95402474550299,0.612649459499507,Normal,0
566.9672548830039,43.48643106208171,26.317436076655298,48.589914902472614,0.8477289460382118,Normal,0
536.6598246096848,44.713833182502434,26.47112064506747,58.884911728570565,0.8243473494353066,Normal,0
406.0120213672645,55.863640187550935,23.82796099841839,51.950335191474394,1.0199773908818426,Normal,0
448.61330826633065,62.38283071433636,21.081171672068017,56.12300083591439,1.0961489159535969,Normal,0
727.4226412044421,113.0273345358215,33.45142969866781,89.26291316088793,1.7995428535018663,Fraudulent E-Waste Disposal,1
493.7320902726828,53.088330125989636,20.41904042259379,55.22354417395995,0.9010069039263854,Normal,0
595.5142320501238,67.02214944635239,20.840888958847778,47.44864628026605,0.9004855003381572,Normal,0
401.42739536644564,52.407531794885685,24.664108549753223,58.7234531848181,1.2299344037757494,Normal,0
550.4046515517845,76.01683114180395,21.421200054446242,54.3939236315269,1.059315387706061,Normal,0
446.9742381627559,55.65509645631544,28.410260328563098,30.70551309997732,1.2535303022375948,Normal,0
420.7127167737656,32.39237240844182,32.436230776679636,80.52972024501663,1.0577456006019672,Normal,0
489.29696400454424,57.53341621104533,22.099733793149785,70.88769654216672,0.7685766762573458,Normal,0
794.4367278067743,125.39080030470325,43.83305317355702,96.08894712238325,1.5628916695939394,Hazardous Material Leak,1
444.6350694652818,62.897527540827454,27.498425551514668,60.188190497405984,0.6896975501882141,Normal,0
380.21221074111514,56.73181351269958,27.360011354596374,48.28345652682438,1.1324103669516947,Normal,0
696.472513291639,48.615440160162265,25.379776339580438,76.95722877810866,1.2377193646174016,Normal,0
503.52635519717285,37.757017637106344,28.713412091798613,78.97288694773111,1.3698724282772763,Normal,0
430.02744920074144,47.90976742713975,27.411244763403285,61.56693728246525,1.168621066464648,Normal,0
521.3979910734222,41.494795457907,18.81168788836351,70.23530644185345,1.2325677155069972,Normal,0
488.76719503091704,44.19476550195277,29.345780321946364,61.75286778933924,0.8839967334692631,Normal,0
477.9030400466777,55.8857840442061,29.436454186333712,46.63274561124069,0.7687168366512287,Normal,0
561.4166700043426,66.69904504351406,21.183569479107092,55.881766310363425,1.1700158664835107,Normal,0
575.7507710047305,53.94671529822981,25.18968917723801,61.31927966771957,1.0835361504478802,Normal,0
446.9498852389473,38.04116937964815,28.416644964055347,55.45452281256556,1.0214888748681785,Normal,0
442.418175935532,54.446026682201406,23.953430902103193,57.81346722564964,1.077474296126598,Normal,0
472.4948302848356,61.966314866456514,30.364890238830057,59.08600442490886,1.0646370964916412,Normal,0
269.8078835264415,43.90217095680618,36.8193624730968,59.191215021345386,1.2567633719707123,Normal,0
348.4808937801448,48.65982833327082,21.070069836825088,60.522584904974835,1.2589971169633911,Normal,0
636.6874267444525,50.14688194729197,18.094776984231125,49.39394933603399,1.1088440704680693,Normal,0
664.4967713501284,42.151016869177596,26.51909297802438,52.82983850872064,1.1691605745125857,Normal,0
475.09639604436217,56.48280433843859,28.607812525630717,47.15415734300031,1.102812510484955,Normal,0
557.6556963055766,48.79051851392219,23.845668130776154,69.778155496862,0.9077660535930763,Normal,0
531.1250154543536,54.195324439070276,32.266303316605175,38.943530581596754,1.151312934982628,Normal,0
807.8880808455237,41.125078221978995,18.306971001383758,71.53590343316925,0.7211009862281477,Normal,0
611.9574911434577,45.62541699676589,28.464593115158056,73.86349397262843,1.2107783104591767,Normal,0
487.20824085192334,57.22381357827771,21.970695896205534,56.97819413017378,0.761095412046793,Normal,0
404.44595593995746,46.27166847908233,33.59688953103648,33.96862912172701,1.0571606573589465,Normal,0
339.35536797424277,67.26963851233405,34.962576765840595,56.38689438032709,0.8309692083147682,Normal,0
520.3463635867223,46.003638143853976,21.16671706108326,59.35815838711181,1.1106777966148853,Normal,0
424.3649254715697,52.24684725751886,22.2522143204571,49.89401780071087,0.9932149548144182,Normal,0
357.7746290402326,59.325908318730896,29.29793943489901,54.84781606191757,0.6810488083673335,Normal,0
435.34271157574733,35.816342670669684,23.064346751052426,75.30195198863352,1.0841399262036957,Normal,0
391.84519963856053,32.39191188019224,24.77294391033881,66.64927162301741,0.8844158446334579,Normal,0
668.7141635072564,34.74343685429905,25.12694210271205,50.754358856219,1.1762293441626739,Normal,0
588.1639756949451,62.62584103427182,15.401634219011719,44.02400830404568,1.0002651377468814,Normal,0
499.20273586833827,44.481418541075534,24.930811269528814,56.729826823902286,1.0790841970776077,Normal,0
647.9944138890025,75.58199285668252,21.55136112967913,57.86543220649562,0.8084862089969576,Normal,0
507.7368307647618,44.357524013426115,22.53438588800114,64.96199187363317,0.8821335537145276,Normal,0
413.87157986717364,51.84551303197037,32.21816001734407,54.64683287432341,0.9082722727797831,Normal,0
1132.508633280751,124.60008089343606,31.245124128115357,93.24772629131803,1.8629227303280742,Recycling Efficiency Issue,1
553.8910043684658,70.06092888159122,29.066025933739887,79.35154040060229,1.3354754175610979,Normal,0
396.27538456735437,70.61503576636397,23.605185348340957,68.15501022444262,0.8389656496514247,Normal,0
480.9661321916392,62.083662305931426,23.601199157520828,59.519114926692275,1.215369628931536,Normal,0
412.4381746615243,60.240625258114626,28.951859480258555,58.16849528946705,0.5660645164548596,Normal,0
361.7200269035664,55.92526949201183,26.70025647284445,56.433268658201285,0.7611621197815421,Normal,0
592.6177547531641,57.78361076166638,27.853064986097657,71.80640912452145,0.808244308762645,Normal,0
690.9416640470131,44.488142836714665,29.840923302664304,53.72686554048697,0.7294982621118555,Normal,0
360.1432426180859,41.81801116577693,23.343458084083387,60.45222708999982,0.683282322042484,Normal,0
556.296923669057,49.96625542589048,21.938816327461247,60.511979018810855,1.0825997824275595,Normal,0
895.5760718331634,131.39323259834714,33.91473605199282,91.37071514529198,1.9099775292409937,Component Degradation,1
451.2874616235304,45.46771950672725,20.872947350105225,46.27534452115899,1.0758810795210219,Normal,0
440.7606075761131,56.963874474567156,39.745472126543625,63.22974503617668,1.1380945372243025,Normal,0
413.6009230320184,59.553052085705104,31.22339790368393,59.389960281446164,1.0531233986345068,Normal,0
504.8521627944827,50.884068862918475,18.244628168959892,65.0024046943657,1.1315526352300747,Normal,0
416.9049883588962,64.77530081055262,18.38771021628215,54.66399693560833,0.9860935427515461,Normal,0
527.0456825779838,38.58310885866495,27.40933030859246,72.20821298813048,0.762601322338851,Normal,0
494.9761890550863,48.06340540720282,27.736323986889836,51.23226218788155,1.2115628361641593,Normal,0
476.10519531335905,42.831776793971954,27.744419176586824,77.12040284017893,0.8821775734437746,Normal,0
409.2436337958402,31.3346338292694,23.72522103223151,42.52363490171739,0.8128807402475148,Normal,0
442.32286694316673,49.17319314157301,24.372728699985498,64.3477006455689,0.9644164248391204,Normal,0
575.5391225825756,48.78252491616716,26.639397620796785,64.75430682526624,0.8174378161406974,Normal,0
550.0917187624381,65.13449743242131,25.429465031466652,52.04442932059118,0.9165139236021136,Normal,0
402.2444755201449,56.30811684554777,13.903498136262325,64.24393937861012,1.0688107843126933,Normal,0
889.8989669587551,124.52866530519417,42.10558510508688,93.9152328763816,1.8097222618253688,Component Degradation,1
575.138712337179,68.54092566334188,20.742967828698433,37.831811606459354,0.8204339867148741,Normal,0
333.05947188786286,62.21033695525353,25.87605709454256,65.02744807490815,0.9024589254102511,Normal,0
859.0517465764589,154.13226331997717,57.94248987283739,67.67564416432631,1.86132920265561,Hazardous Material Leak,1
433.7376241054153,47.73515901150168,26.83740832737152,50.34335196476792,1.0992800235467883,Normal,0
1023.41124363718,113.16181918440367,38.99147173988121,104.37118931507112,2.145071599471371,Component Degradation,1
423.6740843457483,46.27793223928947,29.60900750988626,54.18217966607946,1.2360256347483056,Normal,0
319.51178993354813,60.88748619704186,27.413439436046062,48.261200355910276,1.228858613711988,Normal,0
337.2457562116837,68.84586305934609,27.100472452259208,58.020622710153184,0.7224262899088396,Normal,0
504.8084946661382,65.43243528272188,28.034252966078355,80.67906338163553,1.1527720703266846,Normal,0
525.9722501721482,45.11150578213726,35.28271782414771,41.68317752793974,0.9893786396606179,Normal,0
409.56833748955916,38.80382566710989,19.34555782337042,49.48690088360655,0.8898036392923501,Normal,0
563.8592458777374,51.40886246911204,27.368160384057273,74.97431683179626,1.0336030681065056,Normal,0
333.847993773104,32.31560634437149,20.368094350092306,78.57702343537733,1.1890423069222966,Normal,0
959.7174775367748,105.26096274858256,46.914838171775834,95.62557052815717,1.74895167642125,Fraudulent E-Waste Disposal,1
378.8983800237543,48.52397413701331,20.40656744256953,47.60947297473358,0.824305239731588,Normal,0
434.81638921978407,45.33963498131758,22.91316593197458,80.95843501809159,1.1484917827185241,Normal,0
504.7398671316414,34.05296932733204,23.524550428810468,75.94442391749197,0.8724824915848072,Normal,0
413.9586634716048,55.136001065697165,29.879083596723547,66.78946987762232,1.0433366237928572,Normal,0
461.5444455770175,44.672991603380886,29.59227221971207,51.8759765106258,0.9393299865045731,Normal,0
600.6292809214441,38.30083164289712,18.771413117768077,59.50970659161963,0.9562267496528749,Normal,0
442.31081304768514,21.277377867183507,25.274670554999243,58.396399189551694,1.153248595008102,Normal,0
583.5692112065142,49.724850949493636,21.452100726254137,63.30851304615578,0.7919612560368204,Normal,0
387.0293145342382,67.72251596669744,18.707475446623327,74.51001438131337,1.3890390148553866,Normal,0
552.9804177915282,66.6125921454787,23.914914747878147,68.79417041137403,0.6357827861411007,Normal,0
644.15686206579,45.429037434137285,23.457586057720903,49.226239230152416,0.8804664633490286,Normal,0
252.83554998727107,43.97787939638219,37.13358243172761,73.76496450019538,1.0740423779883481,Normal,0
420.31047445295235,54.68774256075024,27.16479912680348,63.131321400131554,1.116862833287062,Normal,0
557.707212718054,40.016145608117085,18.111912496228815,66.87065795858916,0.979904855885659,Normal,0
479.6954613957007,53.01791899819466,22.176129979145287,74.66540859278604,0.9885218593996915,Normal,0
537.1145873371308,57.660802783846904,30.106916477146992,48.88419750486449,1.0821100170655233,Normal,0
439.60148132841795,62.26933223884308,35.442213864349625,59.64174421293537,0.9537861045084639,Normal,0
508.65897874729,48.99845923520047,17.070083438810208,54.68545448640785,1.2786362515869811,Normal,0
484.432276460792,47.96326249823034,15.600378074304775,44.32140574634544,1.1678698228463205,Normal,0
616.7782061659807,41.22017413243439,34.35482587685891,63.467099776049196,1.1745648702011269,Normal,0
525.4420843301214,41.7311964596014,26.94807088685452,85.11556551584424,0.8067686553259166,Normal,0
533.7602662075202,47.73521108098473,20.65853634061817,41.59922255494247,0.9841223151188594,Normal,0
458.8123033877533,53.67365506816178,27.673145430612177,59.6771938895053,0.9399068102558592,Normal,0
451.23937759275066,59.13584626233249,11.82126130491561,66.40542935074774,0.7988797248621069,Normal,0
456.7441812180379,41.96821049319655,25.016877532985806,61.23078201656181,1.0720328367891534,Normal,0
539.4452142378296,64.92688568959522,26.639105864215427,58.86871947484259,0.8924708484440367,Normal,0
457.90155191797373,47.28876398957431,29.62135069768915,47.007836365541756,1.1310807659700475,Normal,0
528.9774856896413,49.78632705651564,19.930520238537312,62.327867429401635,0.7859616874211337,Normal,0
707.5400798645439,42.527883208521764,25.428435807016797,52.43236022984074,1.3438081225683642,Normal,0
587.1124703431692,25.757597397270583,20.37287686970206,38.100782950214466,0.8207334682815877,Normal,0
467.39764678321586,58.8404539636105,26.276918778371584,71.94592220513731,1.0438604674400873,Normal,0
620.1213922163945,57.36843897092433,20.52326838818488,69.58385819842043,1.1583718620776136,Normal,0
459.19246269784486,47.18672442881787,22.959495804198898,60.5166097685108,0.8858719139599774,Normal,0
296.1875464822146,50.66990717224872,20.020923026048855,62.29074688205703,1.1704937286865902,Normal,0
399.1913689082596,55.15939217704099,28.255681209118286,70.74318012715561,0.7541632804399168,Normal,0
619.9377586900863,113.9986911262144,47.64797263418981,83.116615142041,1.9087401055715165,Hazardous Material Leak,1
464.8486515958691,44.70947322653705,23.826897150212933,69.04017554761315,1.0028298529931516,Normal,0
501.84183791895515,57.94264679621827,25.191189974800142,57.0251779912615,0.880717718406224,Normal,0
667.6437312275283,37.45710576830751,17.75704292683228,73.11983738573946,0.9401636455145131,Normal,0
532.6927373764163,52.935579321666296,23.501616759966065,63.207857259326836,1.1617838538785439,Normal,0
478.08994711911356,36.43418195376595,24.748976914791275,61.94051943605874,0.8831089416299124,Normal,0
582.9405581183489,54.66429982433527,38.103965455149876,47.29938911287968,0.8501284621154445,Normal,0
278.88646909921147,49.643585177025166,19.440164871129184,62.869558543017085,0.9556926804832524,Normal,0
922.6488720410465,123.04727436622439,46.26895902254475,84.6013897069874,1.339913053980266,Recycling Efficiency Issue,1
577.0865193886967,61.64739354457171,29.98429386732904,53.617172734715055,1.3641087815883632,Normal,0
352.1413754220158,42.65408423201951,26.403182022450682,51.846243716838785,0.8867210817570553,Normal,0
614.375404320693,41.89747562985619,33.79310242097567,49.33765068100775,1.1663233572360807,Normal,0
533.8496407494414,52.00569197230943,26.860527363034315,81.24771403016962,1.0418940167295545,Normal,0
458.47120860991987,61.48637349428715,26.945795978339643,73.31339061988403,0.8030931899036063,Normal,0
563.2781866106285,39.841781810216034,24.734396734912274,79.20367502144262,0.9988090581574541,Normal,0
727.0692857804396,50.61679849847972,31.117844412093138,47.77104980444436,1.1568005558621497,Normal,0
518.1866255058495,54.28816500330573,30.482346169054416,60.712537499108926,0.9623477329827387,Normal,0
524.8220586300336,56.93105607263144,21.871613562518938,47.06492374795904,1.2386225891702056,Normal,0
454.0639100459756,51.76441555277225,18.40376402700616,53.04305122802936,1.2043030785563729,Normal,0
415.01556305352085,46.329721609166775,23.985096813021716,50.81873016583425,1.1837829709316658,Normal,0
583.0335816544246,41.724097793512804,20.999807178011768,72.39584006441561,0.9080686455454006,Normal,0
414.3916174091133,50.86143883046375,24.682377126923225,56.0377032189824,0.7840315104437026,Normal,0
507.15662372193924,39.27860988014393,31.187190673420695,70.68379333694017,0.8772824789274412,Normal,0
452.23425532348836,20.78649516505393,22.71349172456605,66.04120889588518,1.0392481881333442,Normal,0
547.8979825746392,54.365598041576675,24.785883093442127,83.03638752104789,1.1091573427064711,Normal,0
533.3662105286949,59.039348410861955,25.290113674041976,45.20555776860276,0.5656857190479105,Normal,0
603.7539944257899,26.370675644581617,29.242154411026423,72.59233239786799,0.99837735967765,Normal,0
448.9983601145253,39.90269295290062,13.765553330076974,71.46440870400727,1.031617845064637,Normal,0
473.01250647066286,56.191542610051975,21.966498526173517,50.26621161972965,0.9444911487368897,Normal,0
402.12362842176924,70.574954697117,26.056418461397364,70.0713333647316,1.2582547678031757,Normal,0
455.57067399238883,50.20793707675408,31.000394782134308,63.361449630262285,1.084356014850174,Normal,0
537.7300493044852,42.71997058770866,22.540487762468974,57.72523740046592,1.2620383816161795,Normal,0
575.6988616645352,48.1710355889516,15.61723646979063,51.760645130280004,0.9568078959299535,Normal,0
407.78346758223745,63.74876419148185,28.098557229830682,52.80890548550814,1.187495498501385,Normal,0
586.960592010566,43.54035820875465,21.823188055871853,80.49812095785926,1.327013278905504,Normal,0
635.5637858804951,42.00807993349746,19.051666704548193,60.006828189574826,1.2623386898545323,Normal,0
541.3434903223701,45.17256477817968,21.87827305143388,67.82130001531459,0.7815716813142534,Normal,0
687.6795812558066,40.466713917412875,24.07737321172075,52.09100618332447,0.9492647844915238,Normal,0
422.6210800896427,51.22670315994795,21.976276677308938,52.201470537783614,0.9309670589100407,Normal,0
375.5345296688583,66.2467845846956,13.972169714504654,70.81984809249943,1.0978509070152656,Normal,0
322.12797510957216,53.23079273116029,29.485330984435663,46.50423788448468,1.1372707110029066,Normal,0
649.6044311489184,47.47646497873713,31.374375206393612,55.847862320947286,0.8322214651948527,Normal,0
565.4365656354057,47.08188731084456,28.25760995669753,60.34027411072232,1.0135677027833876,Normal,0
494.4415329089545,34.36809191303343,19.311571647875915,61.11372601840053,0.5960145335687728,Normal,0
527.996862631982,58.83109777147159,23.99254233026241,58.20906714983844,1.288389001160378,Normal,0
387.45109527016234,49.22162802987198,24.96739342385271,63.958197810959234,0.8975251518646613,Normal,0
744.5751979616826,48.19520086409374,27.993971947809552,66.92855755817811,1.0111727879688994,Normal,0
512.9221181975228,81.93107567844861,28.341702443590403,67.3463754545933,0.9380700572023878,Normal,0
510.9394794604893,52.98752908365686,21.32913100610752,50.14196191332174,1.229205515002683,Normal,0
572.5766623898692,42.48208949904816,25.409977782067802,57.15844902071203,0.43249871172052423,Normal,0
548.1009231736713,45.736424037944566,27.286402023076207,71.94762861876937,0.9966779315348182,Normal,0
522.3884024279131,61.48445709196755,32.279111610733835,68.94647187573872,0.9788362485004605,Normal,0
420.9525544554688,51.13270410537764,28.522532699123616,46.27140548518936,0.9092727224816635,Normal,0
547.1468357135996,35.61722021682633,28.945283436877595,63.514799003522015,1.3452453091271266,Normal,0
688.2024496475034,59.19228934575204,25.419133139646803,40.2177475062519,0.8225341082288458,Normal,0
634.5420046154977,43.31855914461006,32.05229572601752,60.469349020603694,1.1543592354471324,Normal,0
659.3186626639397,68.73297776217545,27.048813979797487,78.97767016745976,1.0712505577412168,Normal,0
448.8784323568815,60.80048065714649,20.694560449132148,50.521072827310135,1.2523038505071031,Normal,0
401.0395179741419,45.52678104341249,32.01684985062595,51.65676954508418,0.866562183044499,Normal,0
487.4213079900352,62.81016361735113,28.489516362695138,67.6402978157286,0.8534062201752481,Normal,0
505.57249122886947,50.678555105274036,22.784779894357587,44.571984847903536,1.2192139814954797,Normal,0
609.4191518470949,58.52773675122219,22.602535163003783,53.67244970114961,1.085064261666022,Normal,0
330.75353702851805,54.84732817294475,26.48287772570381,65.96441137581752,0.6910125306646482,Normal,0
652.9550319460614,41.536433450091266,27.315923976337924,53.65714152310597,0.8921389971073459,Normal,0
484.19921014210104,43.56450167682538,25.986461328156032,57.640300127890285,1.0772765307696122,Normal,0
457.311893005258,60.29960817581161,26.556543367214424,67.44185710315034,1.1675528443093177,Normal,0
398.78956247398327,46.65224667893459,33.4997868728819,64.21546083536562,0.864153869361409,Normal,0
334.51433281342304,45.96351536758003,30.35771576117443,62.66818396295402,0.41714880203661175,Normal,0
582.3170583961914,40.44877420650647,25.95317795632512,56.60877720729961,1.1046446371474066,Normal,0
507.3317967188404,54.235990655934614,29.706552903837416,63.700611152689554,0.7559358620112049,Normal,0
371.0039100258946,70.62524919243145,19.837380482362303,58.762673199002435,0.5965322403755178,Normal,0
370.4921227936384,39.32467085745727,26.989635249734043,64.57805609925785,0.4335348150031718,Normal,0
466.42153007098716,50.24219456672758,34.04653174866555,55.03067974882022,1.1627961720395483,Normal,0
666.9021525289393,64.12220555415429,23.90977052303813,58.17431025620459,1.0257234900809933,Normal,0
474.0408648636395,49.203586087542845,20.761830356904575,50.10042207447986,0.9548687238575497,Normal,0
349.6857046881894,54.52371796249734,21.7395555570347,59.64992389993764,1.2778048725925524,Normal,0
475.42569359140555,39.376064718531204,19.55183481328806,51.88999136371155,1.1274649366046146,Normal,0
704.5666488179388,128.9221382653243,32.68332395127134,88.42484476896955,1.902520125558088,Fraudulent E-Waste Disposal,1
230.31133570584285,48.12855734995451,23.147459507049856,62.586611478553884,0.7214529055666007,Normal,0
494.57051334821875,59.85729995679863,17.97216490410679,62.127397758576606,0.9930898752092073,Normal,0
476.9065469791322,61.87386051564751,25.078091669748016,67.82873734948572,0.6766573250103971,Normal,0
569.6206364813419,75.89563642018614,29.511385868933235,55.68874430424901,0.9541235336289066,Normal,0
968.3387016292077,122.02166419058312,39.91244358671427,89.73387567919075,1.6807111968814905,Recycling Efficiency Issue,1
612.6565029547758,53.257963165821664,32.59641961820884,65.50797572273663,1.125322727452614,Normal,0
473.11113094451696,51.94384301577336,27.553960442637973,64.44773807831595,1.0091127762283796,Normal,0
389.347409125833,46.46833707189312,30.152902928120287,51.743463171978576,1.1246814276559831,Normal,0
757.335980324986,53.38483843461691,21.710827230739316,61.49363482271189,1.1406880266277788,Normal,0
505.9218434014488,47.04598589860971,29.272626135333077,63.641402960546614,1.4309857354766284,Normal,0
501.3929291912946,51.68460976269614,19.540330498023437,60.07178466907942,0.9369406689427752,Normal,0
497.5874912889997,63.1759753560796,29.451237504182544,39.13522341628915,0.8117954598667242,Normal,0
519.8084760767855,39.934574347203586,25.859196698967658,61.6048962397348,1.0492167230632818,Normal,0
485.56395880760573,61.39878561129045,27.76625609992392,82.12531039397243,0.8395439945720913,Normal,0
442.63379931197636,63.17115067339866,19.12202697187574,56.39960731243017,1.2963921536873073,Normal,0
445.31410587596076,48.81931473008921,20.524650788616977,52.719229021446786,0.9433563922109535,Normal,0
496.7246729784002,28.781451009914054,27.986141091266923,63.73348559711398,0.8868847264252019,Normal,0
445.6575228866235,43.921780129055676,20.258259978878996,63.123782104665715,0.9057368557697765,Normal,0
428.7154217322836,62.96994546561109,27.316031460495616,71.92735165416414,1.1436834846943282,Normal,0
510.64302276918966,49.77131937701118,18.16431096769877,47.42131844091112,0.9684506033537029,Normal,0
474.5022782579145,40.00697767705089,29.24087106333334,67.31380252574992,0.8716666359739236,Normal,0
650.3992988582688,44.95225078771782,18.837383426157455,65.90422061251464,1.3330703835247062,Normal,0
234.90301916069882,58.40620026504553,27.761499688397617,58.57853463059454,0.82876603186765,Normal,0
609.1506851922462,55.4673356820138,28.128154668230003,63.3868731792169,1.0071132148065987,Normal,0
624.6085192497629,47.61067900830306,21.516140907852126,70.29457481598357,1.130461230322046,Normal,0
292.660976759185,46.33175588185313,27.910132835423635,68.7231538002845,0.6737329779165853,Normal,0
465.7312405919651,46.08241850956178,26.30221131666778,48.569806879262714,1.096052100281185,Normal,0
462.85591340042083,40.77589815501497,22.30579071903631,68.20158186755485,0.7889784649039101,Normal,0
359.24883052821787,66.15375689469442,19.95722657961896,59.353113949674814,1.1645565561668005,Normal,0
422.21833124091245,46.7767953078866,15.186871541637105,60.72874098015515,0.8074697976162047,Normal,0
388.94241545341714,62.17158520825497,26.748250236498468,60.73196991001694,1.1385538063697722,Normal,0
675.2270443423622,65.21316051922452,17.175986143189725,58.4975701120174,1.2211666132589425,Normal,0
593.5678393147462,59.9831089814796,25.47672099720654,71.91707497107065,1.172287305126561,Normal,0
627.1555094994159,45.683796872819514,23.682758919588753,59.16282040150788,1.0502633296476205,Normal,0
572.1672064043235,54.037300903366095,28.39571387719098,48.80453871616831,0.9537398114140601,Normal,0
387.0948228782771,49.758043936090836,23.48977250255068,56.06470144030271,0.8847160847330312,Normal,0
447.5479733720226,40.96298139269872,23.35276106826454,61.78694716810475,1.2942069381634207,Normal,0
548.9374561227918,53.24359281721603,28.659353521441478,72.29214784297051,0.8601009559664714,Normal,0
377.7872191108055,38.20960208840198,26.675290145420586,66.03094684948833,0.7925867852860008,Normal,0
571.2998430172388,61.87679388461564,26.58077978591389,51.49464721252956,1.133073787006566,Normal,0
475.9674601841865,45.35382702701607,27.34633794904263,84.85189916678891,0.8407726393627009,Normal,0
462.5179192450403,52.01159655872839,17.32213938396447,62.6477531097798,0.8099873005067746,Normal,0
571.0959968203491,52.83287871546142,28.78394339993491,72.75390737999015,0.7112791475660469,Normal,0
544.4263311486039,47.410950262959226,28.06234397006801,58.482855664227706,0.9034180321078964,Normal,0
463.903383418092,55.86693801475275,19.916584357117515,65.3335924470545,0.9834569952207014,Normal,0
615.9329803364249,45.25096343377476,23.779597631628995,68.39468504518405,1.0486183455321398,Normal,0
391.89366724001025,58.71297297457244,24.803463561861843,72.18194711754256,1.1902612488598967,Normal,0
561.5935606944264,36.54020319753251,24.327516077991337,70.57368305378225,1.1053795847331587,Normal,0
559.3101257968384,51.26379579546412,26.669299832842672,68.72197000072978,0.961825556089364,Normal,0
469.045356068601,69.38928999058285,32.15683390915592,56.849132688058916,0.960360864724056,Normal,0
532.6133022242118,39.99668675394425,30.408833638364143,54.28253958043938,1.1020314937830367,Normal,0
374.8886423614697,43.222550294751485,18.43890403284297,63.326075103241976,1.254514032585714,Normal,0
592.4027019206901,55.13907849658915,28.110349951530242,69.33128072341069,1.0252628398966401,Normal,0
481.50978635570107,51.79581781939598,31.64466659767705,57.77279299223393,0.9061738291579182,Normal,0
447.7276979480961,53.50630099273559,26.934042603446013,70.65171965714387,0.8014267997828909,Normal,0
604.900922583689,54.891871301476634,30.454902125929834,74.52616745486179,0.7109589471175548,Normal,0
429.5656309457241,56.3472146856177,35.06135222850382,50.83679080926581,1.1332539344087047,Normal,0
359.15387036364405,61.09699841956223,30.118547730534907,51.630792962037205,1.1155957047279115,Normal,0
344.33708264760963,54.098186569285126,26.246542978208645,58.59624941094663,1.1154727050213322,Normal,0
560.600995134564,47.58742345381457,30.225442370423767,63.076126681891964,0.9742681107295889,Normal,0
615.4368228832219,119.46411632845832,44.86970070350502,77.0153892190197,2.1600995008650123,Hazardous Material Leak,1
675.4794181984364,68.99881934895215,25.119515216424777,73.52202678867144,0.9031763010830365,Normal,0
291.8070592116278,48.67366253617426,23.242928821431338,64.24066861518452,1.1910538474414412,Normal,0
669.6456368290038,40.254706953293585,32.81706679416054,60.39447048240739,0.9922514210020914,Normal,0
521.1017467202619,61.07080669286972,20.907856670289995,45.64090476131472,0.8783298470641325,Normal,0
490.32868881296076,48.796188360464015,32.66183862339058,46.84184183572493,1.1185060614635522,Normal,0
445.508091319105,28.273304539859637,27.49932061870186,62.810092502818065,1.0819272237367987,Normal,0
539.913611435207,58.47421677150422,18.003469125990293,38.67404373845164,1.0713945518533852,Normal,0
496.23652975751514,44.64671814046077,26.83824646495711,70.12637409644071,1.0162556844112398,Normal,0
610.3301882016522,49.094667176958396,14.49986746174188,58.418461556276796,0.9924213836566338,Normal,0
511.422764866204,53.319803305690144,28.12754008415518,92.43092969594733,1.4776743985740877,Normal,0
515.0301761461877,51.904996797790666,29.426157414944953,83.07916250616111,1.2368513290392347,Normal,0
463.63877877861444,57.0945181713904,22.03822022173973,58.18550930752483,1.1445653789971024,Normal,0
494.30543762789324,45.645136294301565,25.617738479777913,58.93662997468685,1.0223598316406777,Normal,0
530.7801768892059,55.131057981760826,34.77078716875143,69.95581514002029,1.2014314401193338,Normal,0
328.98316073433745,47.40453322416083,22.471266478690318,77.03172609918037,1.1035989552782903,Normal,0
365.1814577894287,57.38810480887503,19.705462064716997,43.61970942563983,1.0052409505548072,Normal,0
574.3264094022715,56.153674840130535,32.40831701231299,42.13624534645314,0.939287134946817,Normal,0
517.0865438127942,40.645612979554045,34.81293595265397,53.779651944456184,0.9838165324674624,Normal,0
481.60166636473207,60.85982116175032,25.018478359239236,65.82737583173865,0.36591485282438885,Normal,0
501.8433933065393,44.64036554885952,30.05731517704178,64.96873590507597,1.0421201678595284,Normal,0
534.7581705361671,58.08057798281145,31.707379577654407,70.69771454983851,0.902304783977928,Normal,0
446.02403196906386,53.67287313401341,21.28757883730808,48.003024716346914,1.3185339996565768,Normal,0
718.3831769550569,166.57763737161065,38.9892676355946,57.307220477659,1.7189567683845075,Recycling Efficiency Issue,1
519.5845255097681,47.76534017628148,31.154372565773674,68.58014195302145,0.7622073160930076,Normal,0
402.1627222384968,46.506832038818025,33.425071393542545,51.71803727034765,0.9900239691743764,Normal,0
540.8252755714472,49.805803941122676,27.814404300871775,39.81512135611362,0.7907757829874992,Normal,0
329.74163957621596,46.968202171657246,20.60092823248973,61.450637459593814,1.0946814831424934,Normal,0
602.9155637325644,57.9994190194205,34.935305558497205,67.93175688218678,1.058189472867897,Normal,0
547.2597482413044,33.83689391563412,22.345145510940178,58.77942867878723,1.1915679262216536,Normal,0
525.6029734313876,39.46317580853646,23.32431109414274,55.42151613817511,0.8418236416610869,Normal,0
1090.2873858253643,111.25620592919776,42.11926419132167,97.76577361394004,1.6343927336327446,Hazardous Material Leak,1
666.5474444462577,59.50307591973576,32.77080210357387,56.29417237599217,0.726995640914673,Normal,0
601.437006501813,67.10613372581925,29.269879882761117,46.51952888059833,1.1402989563849428,Normal,0
315.9125768668355,48.955507814625285,27.074327501809552,52.853193230095684,1.1037742360880245,Normal,0
372.0423033264299,48.311782768099896,27.31644265059053,65.21279905013814,1.0991610042055142,Normal,0
437.5181422304321,50.700521631131814,25.21757334321733,63.216785413765,1.0003238062713882,Normal,0
502.6091050210834,61.61878302608191,27.79069757259253,61.6805980596682,1.082954578157758,Normal,0
551.7659020469123,40.72646865809426,12.352199611528485,50.04851518146621,1.3208678216617193,Normal,0
427.42561868465344,52.38368982734785,23.516962704651007,58.184968378643326,0.9429811485915972,Normal,0
518.6766764477078,59.7519762978243,26.206609674583905,38.22934953557145,1.0277290367420169,Normal,0
424.4617067646677,55.01094169939845,19.244929581902465,61.784766638853895,0.7827747401637181,Normal,0
438.8482197008052,51.89581616598743,26.9316165890578,74.28857707813567,0.8263478076803336,Normal,0
359.33389031517777,60.01046092567141,23.97764389506939,45.25867867957894,1.0195626586186615,Normal,0
407.6766753889096,22.96767707000763,33.77737849157745,54.14072326682245,1.2207867093403815,Normal,0
364.83153943836663,56.77875319530908,32.865098626074285,63.2910677871013,0.9487438351496855,Normal,0
790.9395233775685,113.20650246979888,35.211282332399044,112.17113003299784,1.9443266931757544,Hazardous Material Leak,1
605.364179660784,31.693671031435432,24.245811442166524,55.51775383699851,0.9186229510991251,Normal,0
405.06011111680573,55.11202599524981,24.630262171958037,53.077496707341034,0.8930486658311354,Normal,0
763.2382064837391,63.73658545162958,22.741702619201888,40.31076857583917,1.0589942911417642,Normal,0
1032.3977337829117,143.75220898565186,44.6967364398357,82.45954794604562,1.6276775017412408,Hazardous Material Leak,1
518.4836123694874,59.528745472029385,21.20858965556205,80.42076040143743,1.2561879153333455,Normal,0
414.16422198187865,66.12278257988646,19.346923325312368,62.77358461964676,0.8669155403741079,Normal,0
570.0309879408992,63.14914453584048,28.113556119501343,59.77721020816287,1.1443806970876282,Normal,0
442.4362173762226,66.39964529371393,28.147647921109055,63.22082310766986,0.7460002805212248,Normal,0
512.2009814645362,57.42127491071892,20.978421201700037,59.88907996051398,1.1337680261092435,Normal,0
756.0084538268795,50.754336389015926,29.476777153812996,51.8698562773987,1.1343889215628995,Normal,0
490.394010027535,33.980341881028316,21.842111354173344,68.23279915677705,1.0768404144011794,Normal,0
614.9273326285676,47.53937511870051,26.265826190189905,62.25761523111754,0.8011142956400416,Normal,0
429.68235748741125,41.567534046838084,29.10172006306228,60.176132519336576,1.0499096379196153,Normal,0
841.7565004470829,154.1145335380317,35.01552101647368,83.32622415562247,1.57268133758918,Component Degradation,1
677.080063563551,48.24114187567663,27.27370456070567,73.03507931934759,0.9494473489807629,Normal,0
437.30329422122327,51.23204806784486,22.417851780562142,66.6470274533311,1.2058826201910653,Normal,0
681.2448557996929,55.51485376040468,24.017667082859514,54.47079162632698,1.1593403854141484,Normal,0
570.7751935455475,50.436024463724536,23.970702845598296,70.01824853681937,1.0030365885080865,Normal,0
443.7533224105732,66.95051040430752,21.267108267298806,55.02429161614793,0.8050386848154316,Normal,0
563.2407739055521,43.77350638265548,24.11612918442109,52.17996507488963,1.1291175424348388,Normal,0
597.255444962673,51.94607455237243,17.256908505681267,52.40296882519713,1.003876247539605,Normal,0
562.1809962217196,42.57529414301952,22.544231264289476,42.28931446911909,0.5359368803539153,Normal,0
342.97752801095436,36.79977488779294,23.575622533151645,64.71542380418205,1.1565259652633038,Normal,0
427.2862824175131,43.882309090947146,23.7191012375231,41.6885512166165,0.9951534332260615,Normal,0
475.24813644484954,49.62963202951588,23.792512770646105,47.71556168734237,1.2404902495966144,Normal,0
492.5566570899954,45.7069777548274,24.691179000699357,39.24411990921467,0.7809458962314391,Normal,0
562.0672097550678,43.07579020126144,27.39720759043032,59.13930307209107,0.36465923736079986,Normal,0
517.7701000933254,35.93682536328166,29.372585370662613,58.49679539728128,1.055816771669037,Normal,0
682.895184732237,111.28361073373638,40.9961166934992,87.16790238395464,1.5650174622724562,Component Degradation,1
538.0197851005963,34.952796259689975,18.983995723054278,49.57422305329423,0.6618656744787096,Normal,0
561.0585745283823,57.60055963689602,19.789777938784486,48.2776624656336,0.8043000908266787,Normal,0
555.979044793104,50.824397529345035,22.563985394025366,64.64369863546574,1.5510435487439804,Normal,0
608.0780725554622,35.4244850053507,23.240393410917456,54.494480682915125,0.9388778771692393,Normal,0
583.3922154548904,46.907909229501364,21.150019669012714,63.16358321536145,1.1461917952752432,Normal,0
545.9180079228437,42.478435944094166,18.519416678750527,51.14751313875777,0.8698680345263232,Normal,0
492.9834288541353,53.1917451041918,22.71939586262906,61.81062742771083,0.5819394202293686,Normal,0
333.90390664840083,63.40450446023144,25.907133100569858,73.03278037316063,0.9659483506408189,Normal,0
542.9618219132586,31.248275303542556,27.975147329177823,65.86165800392783,0.946879087942779,Normal,0
904.2654714101153,129.43762611903148,39.35990789828097,94.62995412542256,1.8761516328169034,Hazardous Material Leak,1
527.1578837195374,48.398672044333594,22.93501088928283,62.571989703559275,0.9770718328987215,Normal,0
372.32514241796906,56.713400764504655,20.366508455763444,57.59334825469787,1.0528536543291274,Normal,0
391.89434595917373,52.131966282376894,24.842804148126117,60.07880184694728,0.9699766097492387,Normal,0
605.3152853332904,42.48030668261181,20.757856829045927,56.743889478514966,0.7471987664105273,Normal,0
496.0444846143345,46.80946064333382,27.865639066206,58.356647941146086,1.0972369583123878,Normal,0
568.1500697372625,42.03974143196511,16.070667540329445,62.12093353074175,0.6101256489355154,Normal,0
502.8318376130461,60.76007138598598,23.20185163773769,50.06641300418049,0.5899285085431599,Normal,0
502.9756139495745,50.21311648671942,26.50553669595871,49.84121173010021,1.1478360989403136,Normal,0
593.8283805975998,69.01190685753008,25.91917258161252,46.11457446168789,1.1014040544270713,Normal,0
448.3955271782626,49.39339186185379,38.46516831990248,43.9972889549629,0.9885209269851928,Normal,0
509.61207769409833,42.91593233089537,26.749000122839536,47.82717307779521,0.7209102990489855,Normal,0
453.7724711294958,34.862856073871725,19.979727015789948,61.59462506804129,0.858417811865185,Normal,0
456.55037725676846,31.96860323744055,24.522678764554634,51.07212484508116,0.9474506504626992,Normal,0
469.08278765313605,34.158640569945106,16.11876833266774,65.13614464231097,0.6808212062851773,Normal,0
522.2133771633713,52.67126651011483,24.597001253516197,60.34713748752562,0.8521942683953534,Normal,0
452.1251378336523,55.08725023229934,20.834719714996208,40.31495786561946,1.130466067635336,Normal,0
625.5756125573521,34.188092979678665,29.57695137780081,66.5497558422169,1.2854610728578433,Normal,0
410.53926977804963,58.950383140761154,22.252298627022327,68.1079864559171,0.9161130494682899,Normal,0
481.3128355838641,45.1693894831656,24.416170421023768,50.06137325165147,1.1512976708632197,Normal,0
456.0268941725825,51.467930119855495,21.822210792977984,64.20191542894992,0.6171879858825065,Normal,0
644.6977884353732,66.12220628255425,33.69425675926666,51.43501762590801,1.1318902482227222,Normal,0
519.6554776511574,58.96839315865532,23.39378616941044,60.97670376748336,0.8392103170545038,Normal,0
603.1844539468635,47.314693520941674,34.16278521739601,47.35501593045034,1.061469123341594,Normal,0
351.44396269630283,41.08807774584713,29.070758810591332,42.06893547465423,0.9504495163520581,Normal,0
526.7050265869259,28.48184598670695,27.41033363667693,56.17182810387031,1.264082801956767,Normal,0
588.9630795623438,42.8084668075758,26.8436657365876,58.762710537251635,0.8251128703320163,Normal,0
508.2283989275424,47.88869761172305,26.968986491081257,56.02320306385396,1.1255212595123663,Normal,0
606.5480375065351,40.12820472848816,15.36163710327195,48.1596944177744,0.9440985073406933,Normal,0
448.2711549899628,48.68743032907695,23.60558302924622,56.00100937868863,0.9683389043980672,Normal,0
640.9347440185579,50.768518829587684,29.225789855921608,62.69294752580734,0.963229221368158,Normal,0
729.889812361925,47.751440181919214,24.75551408262947,59.55106969877463,0.8308653791011774,Normal,0
463.7161439560341,43.4999741917654,17.974050765982124,61.82501030599214,0.9971802068186657,Normal,0
945.7717342576486,117.76363833956084,44.720318005399854,93.22212185886293,1.5830756144490066,Component Degradation,1
645.3384477117701,54.41940649569409,33.520527581277456,71.7171791471616,1.0482480496813458,Normal,0
657.9572145730713,39.096009225571535,31.234458577673596,48.238266634452195,1.0169010291385725,Normal,0
447.71399728467316,64.10932379746271,24.689979953169843,64.87560297086719,1.1595989099224473,Normal,0
457.98131829041426,49.014118677157384,29.757246385290433,71.81891092959961,1.1847017232094736,Normal,0
471.82153911394926,50.188496229448475,23.16746489815974,64.80908092748895,0.7898753356344398,Normal,0
365.5549488965723,57.08214423256557,16.480642065866405,57.9747577293517,1.1737545001181542,Normal,0
408.1348053515802,52.332161312635016,20.377670059352226,54.71702953337021,0.7627327145780292,Normal,0
399.5859233247932,59.53136633913245,32.81444384254099,70.36087651046256,1.117571177627547,Normal,0
423.2202434895872,52.87124165201824,23.63003459085348,45.77025074738327,1.1239477569405738,Normal,0
496.5315112613219,43.87562625359562,23.78308010312491,50.29875739620356,0.6177366216674991,Normal,0
523.421473253652,53.61503525206102,23.500809018625596,56.02442234508278,1.018595849305882,Normal,0
655.0500492814077,38.56273792679338,34.52068294786503,72.37653757511998,0.9063007773279368,Normal,0
400.1645959261209,51.085597057765234,33.12979457681031,63.79767636040896,0.848246948412925,Normal,0
598.4322398476584,49.66770009355539,36.09390116724067,50.31954241489755,1.2701704661398012,Normal,0
478.6011155774491,47.918831427274604,24.204773947999744,56.896922946150966,0.8692641718725163,Normal,0
495.0536290347567,48.71462488561069,26.478122443735476,53.85676855903706,0.83872461417639,Normal,0
567.4819492166604,31.18150954502361,17.416787252896043,52.90211007766465,1.0151389880010186,Normal,0
387.72779784377013,44.512750922590385,32.38467213059137,69.78889558556779,1.1371179492596832,Normal,0
538.2409746184051,50.928449011411146,19.161102243660324,46.282568707364945,0.9716702827979746,Normal,0
516.6452208213057,51.598563919974005,26.083877818813146,76.08780855734373,1.2332741091338504,Normal,0
549.2451264008149,39.72324859074042,19.51348736183578,68.28229690184622,1.106195132392818,Normal,0
528.9168643907818,62.65707840864701,22.05566586630652,70.90861670603698,0.564357736053714,Normal,0
745.5300139910894,41.33825151785499,20.8136878447515,55.37060487974742,0.8941066072985984,Normal,0
436.2260015748684,59.69457200526737,21.96062369662091,58.500592809208904,0.8876315801296601,Normal,0
446.9003044998182,54.27194361871685,22.304386484255108,45.66848185475288,1.0958721906858844,Normal,0
437.68594735752356,43.53772690156197,22.258656025374613,54.753375929331966,0.4750365887251776,Normal,0
444.4522880839745,67.75310892609512,29.166669558901535,64.93654847643151,1.5098019417435444,Normal,0
436.26128726934826,38.0636316824352,19.4756860346874,72.96063061781396,1.106205218978842,Normal,0
618.9016531107552,59.191541736100014,26.102707135069334,48.92843183197549,1.0297753607835383,Normal,0
642.0504247989854,60.005823180429786,31.089795761527792,56.34494063014734,1.2363135432838293,Normal,0
442.9253706250524,43.293797909233554,22.43401817743302,58.48700779767478,1.468730810562525,Normal,0
416.7644426895771,63.92465300064329,21.41040554626199,46.04210797807515,1.1741493289176805,Normal,0
547.1415556386404,47.49953485401047,23.847376874098746,65.913492417584,1.189762619294324,Normal,0
444.7776955719029,52.88693629279857,30.898626041803553,52.76009668257391,1.0261380048928765,Normal,0
563.293181775551,52.603218387712204,25.97053815476679,58.04609648822976,0.9716948493266103,Normal,0
520.29230208513,48.65691258529452,22.343928526962006,55.48050628088122,0.9048409111990198,Normal,0
348.42558850027683,58.10808273159782,27.419383255940197,52.106614942803255,0.8347776016570916,Normal,0
654.7505201330061,57.93488720552213,19.488539250817883,59.929550145194455,0.8625971800601006,Normal,0
679.5877673095522,32.51468026761819,28.40679755221474,57.84390421431978,0.7298888071314034,Normal,0
824.0650893283473,151.54208333911157,38.08263029763273,95.52872750630391,1.9299360451402734,Fraudulent E-Waste Disposal,1
461.2298440064016,33.37508011964326,23.46095764430558,52.71538378319657,0.6630664845547226,Normal,0
528.5865390724905,60.32546204341657,20.807071007763845,63.195246707829554,1.038183304828742,Normal,0
533.4456789987025,61.26705136827583,20.566595388582712,76.53617268492285,0.9927338783915316,Normal,0
565.8544272672831,39.09033569784802,27.674086681729552,61.39887232839127,1.0293870596773376,Normal,0
701.020453876635,45.891857120454155,31.14490251244531,69.9611821491113,0.8955736859960015,Normal,0
482.30527725059505,38.94295331514064,21.813461264856027,46.097780748465375,1.6153720740361006,Normal,0
420.17027554615464,47.850789697112646,27.29193351775742,61.5776143929377,1.2720231800360626,Normal,0
362.06807719854726,46.919657158142584,14.564864906989657,49.02631681028933,0.7510914999830555,Normal,0
426.9069960058081,57.796605322693395,22.076911346714002,45.23075072468099,1.0465736174853797,Normal,0
496.6873027126203,63.10308746119608,24.84470533564549,52.60628592540964,0.8783987714125353,Normal,0
679.4557863517788,63.95683810789956,20.45158291509083,71.91899334413573,0.7971040546585172,Normal,0
448.23887009638287,44.37831973421698,20.31746812605202,69.50015828669646,0.731985585775213,Normal,0
522.3787951638899,47.90778126255472,21.661102217655568,62.430047220544,1.0864433381518508,Normal,0
498.3577103927248,33.1656180777905,26.460963641631867,44.672994401100695,0.8637239529860852,Normal,0
618.8393273448085,41.94129933503811,24.063354907968126,58.03719348612063,1.193565204805041,Normal,0
752.6932425873622,59.64851633097457,13.808843833375139,63.01700008901736,1.1987564429060877,Normal,0
446.91312270796794,66.15582823548232,14.396499236824669,61.75536229578598,1.27478287704229,Normal,0
451.05605574817776,37.65651128120078,21.965674110714122,41.56206416519254,0.8295226467851793,Normal,0
604.4160877069072,44.075357408471056,27.28843293026776,51.09682151980128,1.095073122138402,Normal,0
568.1891489626312,49.73594243041073,11.262475786373827,59.35922235851283,1.1264908433284602,Normal,0
684.6707325736033,52.80161158819607,22.501349119241848,65.3629090951719,0.905164364979207,Normal,0
558.3928185325964,41.90396480078354,22.368760717412894,38.03872178900053,0.845645608521425,Normal,0
464.070790921294,54.24061044464089,31.94168889104224,58.37876024520141,1.3219041331551946,Normal,0
559.0654830692309,45.26160652929084,23.074890941435683,61.43048769878952,1.0454991751464107,Normal,0
610.8703580582908,49.855477291217206,26.914944923704642,68.49611988516213,1.1271935501423476,Normal,0
582.0482181197364,55.462842480037,25.706285700437316,66.92857584237437,0.8355847976344145,Normal,0
550.7274031107298,50.064222698109376,14.347167600963997,65.82571318808806,0.7561431066955613,Normal,0
606.6674689589154,45.63614109473431,28.841036083158688,52.00059493298066,0.8861100451015779,Normal,0
616.9295590445672,48.90390196074169,26.07698252728144,40.91997862876693,0.9751957225220006,Normal,0
638.2158991037527,49.11637040794665,27.54134319837295,56.06947242938599,0.7871559986365302,Normal,0
564.8709887589642,46.29988970117872,44.63118853218163,70.0163182520856,0.9980310382699235,Normal,0
483.28819196831455,47.41203937332897,14.579435302507058,73.93454527524432,0.6622989623863,Normal,0
514.6713686433322,65.98647170504717,33.62348324880554,67.10549102297786,0.7759905155060256,Normal,0
620.6508966508356,55.60919447941239,23.56276240299822,64.29340822801734,1.134182249655375,Normal,0
418.30643290127637,47.045196819708394,26.436644522015047,63.79639648385965,1.1207581040555787,Normal,0
536.8673308872901,56.969544045107355,24.77243877349379,54.43881253239219,0.9216246469226267,Normal,0
460.6661187672639,46.6618051024399,22.878818333009782,58.6993970644638,0.7964471381846094,Normal,0
960.6719676146246,117.23213243224359,41.62511533940413,105.15785580527903,1.2991744350759746,Hazardous Material Leak,1
627.8451862607299,53.69642192198094,26.647543677865045,50.574419942081235,0.9253463508117372,Normal,0
519.1099068019903,48.92697855995771,17.414131516641604,76.14778790709852,1.1289036983290583,Normal,0
504.64365481561487,54.477169258102776,28.75289583760883,56.77971845507942,1.185649138268865,Normal,0
364.0143859020081,34.291238479315005,22.91902797557373,73.25432109095078,0.9006936529036061,Normal,0
574.625356602722,38.73232531090195,19.34965330479821,45.93184990502462,0.7693015148030432,Normal,0
564.5484181141076,38.060749936009444,22.74993571002093,65.8590420116465,1.0535687275732666,Normal,0
716.3254723305461,51.429430947637066,31.285746084312862,52.63229864052378,0.8352930058748301,Normal,0
469.2221765046999,67.32514999485092,22.323324564918885,45.847328080758125,0.8963494722277595,Normal,0
521.9150327663939,72.31300146192632,26.7922680910481,62.185340424109455,1.2650552180874075,Normal,0
524.9383683710755,56.380511014407574,21.34521862142263,70.09471788595968,1.1654230857131536,Normal,0
657.7453279763474,55.00844474944457,28.7896092496181,51.550585614065035,1.0315948624502904,Normal,0
490.4704467613048,31.98942265847261,28.42753869395102,45.00984039541599,0.7456161997774554,Normal,0
527.9021525770339,44.57326200265978,34.24304416648206,59.08155235665045,1.0422793134941317,Normal,0
560.7896509716539,42.12216248091761,24.122180272503922,59.12564671222819,1.2125314581575053,Normal,0
518.6609123156359,43.79152401748884,28.343274023789533,65.48319627554498,0.9248732668468929,Normal,0
455.35663854494715,48.318561814152105,25.490337697694724,69.49594571364489,1.2702228179973432,Normal,0
519.4089992898307,45.27909422302873,31.47935890931507,59.40584818727506,1.2585490579036414,Normal,0
607.3631749859773,30.207001896242122,21.40583806195635,78.55503314794262,1.3327465664286948,Normal,0
397.348470058894,57.47910256117534,28.725026564386404,62.24234744535292,1.0610486253062705,Normal,0
513.2969674146876,39.27256974260193,24.026513519416593,56.535734939931004,1.1174783399612025,Normal,0
429.9879185060827,52.39246864111149,24.679059114457512,43.88432640897172,1.282837457666218,Normal,0
619.5046628924842,70.74082669749973,25.458762422241865,57.37340479683832,1.0894787874137952,Normal,0
347.68130952162255,40.80615408413577,26.261201982133386,56.63613054588864,0.8997531784419575,Normal,0
444.10781527284115,24.697124772536704,24.41885478439021,69.6030479628147,0.9102914326944277,Normal,0
537.7211875064521,47.139957781198895,26.073565915852633,64.62483624066854,1.047710990754748,Normal,0
1097.8647271647442,114.3010885181434,49.81631828858674,79.6442592328529,1.6956193037839689,Hazardous Material Leak,1
493.42497389270125,69.58347454220593,29.92724842807609,61.72254386411038,0.9713482169271614,Normal,0
444.4800473306802,37.70450405547583,29.34577296248448,66.71531171729053,1.2193094236460507,Normal,0
688.115706944059,54.966992232365214,22.722302369880648,75.28031359387833,0.5617492297669437,Normal,0
575.29593827713,96.75646245456058,33.00124665522765,106.5047560659188,2.014853247507658,Recycling Efficiency Issue,1
280.1194043379918,48.94051645695864,29.776502791188765,67.60846654311477,1.2244748437406319,Normal,0
544.0014450053333,76.44343347017035,29.380233962648973,60.60085994615164,0.9080470768339047,Normal,0
449.7945775647389,34.970296716048466,32.36335337875491,63.883120054234496,1.1086781655743618,Normal,0
397.8767182869287,52.537396614945735,21.98009687015385,72.49504900706158,1.0006295453812653,Normal,0
570.8356447299353,54.676931717654334,23.852256723198266,46.6722260252035,1.2459980736877365,Normal,0
524.3800713771199,60.857863249393475,16.802579187372828,56.50560672783044,1.1965366285539882,Normal,0
443.59213692632716,50.97983153470896,23.037644469695636,52.27431251243759,0.7199858553633982,Normal,0
371.9695601329106,53.08050539504102,29.982852552897235,63.79153118726124,1.1174524826928354,Normal,0
587.2457328280145,46.08351432578209,22.66752310385901,72.30222175650788,0.9588744292713505,Normal,0
565.0201177958661,52.69126941245107,28.20239897600412,54.03025713278926,1.01656651410362,Normal,0
490.0824136220617,46.5680772450259,24.047484470010943,36.09695632530562,0.8543656198060369,Normal,0
684.6636996047666,56.21571889856051,26.620285141107804,55.8777925497553,1.349627413824167,Normal,0
392.99152336738473,46.30389663956366,19.261543050921663,69.13473732017407,1.2080123639805151,Normal,0
347.44748290752614,53.77100393902187,25.426047248169507,65.3762990294988,0.8520457672054065,Normal,0
854.2688005517595,103.69006824417136,20.529947378453002,93.24093642172949,1.4558972790290343,Recycling Efficiency Issue,1
495.4413983644502,61.26050250772168,24.065519209190075,57.200066981255205,0.9228654738044304,Normal,0
524.3339449322692,49.48606276411514,16.8476337814243,47.209692637802135,1.0869005292182612,Normal,0
475.876394214367,32.26967531793119,31.029972582734082,65.15294321624468,1.0480411687892446,Normal,0
535.2055396514297,62.619215007139914,28.887036763822557,51.65718189965375,1.2506265649536488,Normal,0
374.8460575809556,40.94267699137381,27.333354909830405,81.84096733380457,1.1579839444361704,Normal,0
644.3764604073259,43.4623366135118,32.6050311357969,65.70507208354516,1.1939138051505813,Normal,0
491.7848821607431,44.04338705956508,20.255417395875813,54.19351697446049,1.0653710801220875,Normal,0
611.7295831588127,63.74438093170817,33.73681598957779,53.88614752611372,0.7221402539578019,Normal,0
534.2725346377704,28.643257860213044,29.660957821301924,59.070557933864116,0.9608602937706197,Normal,0
545.6753219153784,81.37748533659993,23.81722356390527,57.6049807797825,1.212017947981733,Normal,0
556.9767280232204,60.56056809066052,30.67810073591472,71.16833775529955,0.9896954142950708,Normal,0
544.7708560017315,52.2323891412916,19.46853243794183,61.864161697440466,1.1006180737247493,Normal,0
564.2722759867544,49.451059993837134,20.87742919236163,52.683682610914715,0.9362503369507734,Normal,0
632.9152530132432,52.85554074857657,21.9570513838015,78.90440685155782,0.794037630291631,Normal,0
768.5229133133653,145.83190716498842,40.88906879504934,98.7798921685319,1.607973731733804,Recycling Efficiency Issue,1
570.9003757588512,56.45215585950057,19.717211786198735,67.68839675968897,1.0618094886065308,Normal,0
491.02643057127733,55.55604466003449,31.115415335476627,53.91773492555241,0.8688624561077113,Normal,0
644.0117215449472,50.895806812552486,23.70572799815084,63.631156277445236,0.9528577510286663,Normal,0
432.360769794073,48.02661579692674,26.762524841784398,63.11109991143195,0.8121073516028035,Normal,0
680.0940432910816,48.487267163464885,22.148243167931597,41.10350707903847,1.2238489835128192,Normal,0
495.9842049355657,48.05091719647319,15.896983497257414,80.15275110460641,0.9411088484823932,Normal,0
356.9224897881952,61.337700968670646,26.35028679195711,72.90644460922547,1.2905511090252366,Normal,0
512.8104414910789,55.935567222808615,15.438725122901115,56.02804683854012,1.3057495701081816,Normal,0
431.89483425251194,20.596113653357197,24.656829769572656,48.977302595441444,0.9837908070556513,Normal,0
584.0643548988724,56.55900776529761,18.15842480583595,63.47561613803552,0.7983102534905301,Normal,0
434.7376020697609,51.94736194718775,34.93637999615404,60.86697699414397,0.5828204244533326,Normal,0
455.381656678522,49.81291243554102,29.556813610873608,63.55668948563229,0.7055925853946416,Normal,0
311.0459269054469,46.11481546911114,25.528768956357403,61.91577396194089,0.725233035020268,Normal,0
454.7693680750923,61.24112719986013,31.318533388273345,65.06240989305925,1.275693925492301,Normal,0
257.61206733710435,59.475264621228575,20.768420112671322,74.47305699391806,1.0231649174453892,Normal,0
341.6097176514277,42.27122332176391,27.717396893350465,65.68103205128646,1.0779209048183975,Normal,0
576.0414656144297,54.07052287124535,25.99905216859357,49.50344501090059,0.5559157982129748,Normal,0
578.5800158650832,40.28343265458714,26.32010040666835,73.62562852712452,0.7604067141565477,Normal,0
542.5457561784965,36.203818352110694,31.361767500533837,76.40614563488288,1.1774159552892574,Normal,0
403.3023856870787,43.73282775410035,28.66246051389901,91.52056734512085,1.0573548224765172,Normal,0
495.228864385802,58.62393472382759,26.443618314125118,48.76505966760402,0.9705589442628806,Normal,0
499.63974609094316,59.53125045376087,16.72556281885852,62.42882013150275,1.1129684717200246,Normal,0
384.1635310807457,55.130854200972934,20.199768523602682,39.17901296811013,1.327159561227163,Normal,0
650.339830176715,57.25095786847997,24.38645533202138,65.53149156379209,0.9557915072925899,Normal,0
587.7362290575671,55.16178287114958,25.466861871383255,54.517997018332274,1.0138739605316138,Normal,0
477.90358261703363,43.585184047770476,19.34898137663038,79.23445794824953,1.038519383746261,Normal,0
502.6885838994531,54.31922544673941,37.058383377892106,52.25385029981418,1.4784219270547985,Normal,0
520.8382807947553,58.00409525227683,32.58197027626787,43.10816962032739,0.5801287471161949,Normal,0
295.82651315757096,57.542913298135744,28.010591601962417,55.2873625929748,1.1366446029577615,Normal,0
475.2822617479403,61.88913371474643,25.360184306418724,40.24512228782862,0.9770395502481872,Normal,0
431.80157520022016,57.083038472010635,23.93895515049424,67.5109945450731,1.113354345236836,Normal,0
399.83799901050844,53.51448207541583,20.24040769988882,39.349169537436794,0.8685254892010551,Normal,0
471.8899707114045,60.701502383164275,25.387402592594313,60.28457581183159,0.9902069938283099,Normal,0
679.7686526849523,49.7347874075094,26.288762700713754,39.22188180143803,1.142282115893099,Normal,0
564.084286126701,41.18125348772282,18.79119712259188,56.79702195463358,1.6225820402087683,Normal,0
442.8821010217203,48.36933036056236,26.670882086224488,76.43378155804534,1.1616072378804143,Normal,0
557.2582781356159,42.55097355193551,24.223704755876255,63.60647891435795,0.8303868803938983,Normal,0
